0.11397042444700667
0.7273165466091163
-0.44550716306425997
0.022538784904757435
-0.4215674270648897
-0.40232191722567373
0.0041116528964077696
0.3828023993759727
0.5857950607090426
-0.5213779385590338
-0.14798660498008542
0.04617509988452803
0.19239769084798478
0.1019214862927953
0.3393227914630062
1.2389217289139325
1.375167785728409
1.1644006694298317
0.5802402708698632
-0.22242097755393073
0.24616122071594024
0.1114493564343205
0.1782317424738817
-0.013376655463907644
-0.06931358873634651
-0.30142935792406933
0.015177214602231837
0.09207278988351852
0.16501643642361544
-0.24862455620880508
0.11235291951669366
0.4470722614097425
0.4192661807256849
0.15476824124192454
1.419008172469489
0.40590286517949425
-0.13224323868923973
-0.17124924488654739
0.4149338559184489
1.007695989171516
-0.3613046264765818
1.2587500266344869
1.0665942496808005
1.6946549215865598
0.018500890118690067
1.3030331269679685
0.32951756726081105
-0.09728400915389546
0.18681014493813486
0.4202493684297558
0.3173438877489051
0.9356516500150712
0.07221860136270858
0.8606409828037279
-0.2534563674606677
0.20694667652263
0.902487091690292
0.46356546952426375
1.123243283977987
-0.036810672764298495
1.1266960136756292
0.29184750849122065
1.1842929670689863
1.1977755908101515
0.16618842557921432
1.3980600198278779
-0.1340267189591658
0.6995718564883754
0.5586008736305473
-0.2675911524803183
0.9395177722449717
0.4633459052382243
1.0363956770212859
1.0873151596696362
0.2911647351904794
-0.1767350608110917
-0.24156203184545116
-0.09962931126031012
0.36474377517554496
-0.033323004930409496
1.039906128483494
0.7920103682059575
1.1034254533585734
0.9494879417837034
0.34352645844838764
-0.17634714523460118
0.15857682184032854
-0.028296335521829898
0.6366316370443054
0.3737043238366891
-0.06502043755281617
0.10446186666357084
1.1764524678492283
-0.05503730371084878
0.45887400392962596
1.0253006455132985
-0.16736790886816152
0.632151335736495
0.3754715913060506
0.19004674002299388
0.6984797735927711
0.6215388437329925
0.35528973149816556
0.22553667738015692
0.9587078279102816
0.1852822392961813
0.47379020026167995
0.7468729120455435
0.10128439774064148
0.40449085963598636
0.2205390131570263
0.2270560719988551
0.5990343114385498
1.083757310628426
0.3248013107794913
1.0256357923099604
0.22355129751955435
0.5815865605421928
0.8320528784133575
0.43677264750905664
0.2015855801131573
1.1479696755769537
0.5980948237653522
0.5982610558094774
0.550941623570852
0.9813106129726384
0.6785482688990558
0.57794133590272
0.3987420919148238
0.9836617730570315
0.5970279801525475
0.45793615092124407
1.4777087660957955
0.40683846451984884
0.41965053821370224
0.5434903885514577
0.23617202367028145
0.6311108395394033
0.7975010300551381
1.438684784232972
0.8798487000557905
1.2191110649771855
0.6633057668751008
0.6231557829771823
1.0089900398106395
0.5853851642830253
0.6984407886313322
0.8818261379669908
1.3180252354449045
1.3753238411940378
0.10607903269098058
0.5304325912037605
1.1163663272395763
0.7577681130418787
0.7782611239273534
0.49896792292249126
0.06526384431673084
0.3249835611269397
0.5267567710036584
1.1651674334726279
-0.2756602993241329
1.1043310321114184
0.6940299869463716
-0.09231911513162515
1.2748432831621563
0.6852086201046818
0.8415362868719992
-0.21244383493112437
-0.11172228215636157
0.7030917369338971
-0.23538199907078364
-0.16113217507229458
0.547109488326852
0.8496053335132723
1.1581984617560095
0.6956174982222721
0.712043409135091
-0.038721066941899515
1.0445385789150872
0.09712851456023514
0.2209203891040644
1.079698836806584
0.02068790209330938
1.2819272785041853
-0.17521595428909198
-0.1337240576176565
0.9163645175250542
1.5370183979852328
-0.03501663845973865
-0.00412081563544471
0.8699135748109394
0.9375374054553283
-0.06115584192922427
0.10809687449093687
0.29782020189092767
0.3098393387758069
1.1171654289833173
1.2880301537915542
-0.12726875109137326
0.8440204644115298
1.4479360627883038
-0.05818826127517752
1.7301218993143885
0.273572516818338
0.8586358752544848
-0.014551437533153301
1.1063237059570432
1.1254603338381823
-0.22571060140341578
1.2483319883579542
1.5959979313641703
0.5229444607924152
0.3942520238665109
0.6202016376864021
1.0592414407320776
-0.08431665702234385
0.5763919090892267
0.18597525058235548
-0.06287983524471566
-0.17112476580822078
1.4285818959195857
0.8870475532398022
1.460733001007069
0.7728608162495105
0.7835790394189318
0.13929011594070828
0.6259318549195124
0.6102505359039432
1.2077997055683
0.37816151398061637
100.0
0.3479497776600601
0.9157768897641921
1.5877866516134629
1.514597369948647
0.5887032281800142
1.59254820479884
0.02555522680379027
1.5278843866692995
0.45336099281039893
0.9841519165682203
0.5909988143058508
0.48231524405661136
0.7092993653121958
0.9894329401225356
1.7451442775784551
1.0417880015910022
0.7095753111043901
0.7089602656970512
1.3523353200667991
-0.0661016627523096
0.23177464972345146
0.5091580610252842
0.9951776022938573
0.7461102411507271
0.025678684783752147
0.036018097795002
-0.17934037873012346
0.09111529098564741
1.680690199792981
0.2671480914300249
1.263427985307655
0.9332720801549016
0.1969504324068302
1.9554375660546222
0.36765588445318587
0.9821206125453195
0.9699890016218533
1.0217091236299132
0.036091163197480694
1.0984693310100107
1.4951028630361318
0.15203536108091475
0.5375780469615266
-0.08133506497571444
1.2154312125760036
1.5539584571201033
0.5122152782976154
0.9104055921246009
0.39752038404169887
0.12218830666196637
1.0312818345071961
0.5591436958489359
1.0306150160077319
1.5743919179205872
1.1336728132674827
1.0288347843839605
0.6168464525293568
0.19204260782818058
2.0550585085833073
0.6709192247919549
0.5148221716615223
0.2862036758171007
1.215335493484948
1.020727708427788
0.6432489447345878
0.9057188951406318
0.45091998010412804
0.4566490769325033
0.36198212299778165
1.5091050189230344
0.3499260806288378
0.3394065625705296
0.567635281340701
1.2968936312485289
0.592592641051736
1.2762989045267337
0.6982711163064929
0.5051134084640191
0.15191659622362386
1.2864140788927094
0.7238521775742912
0.7572223835885143
0.7314332250699259
0.9909359353758207
0.7527544117444167
1.7391654717004066
0.7930301204629119
-0.03569598117553082
1.5543060308653127
0.38802421321719677
1.0675111340884298
6.217605985477513
0.47276481327098835
0.6999917032116773
1.5265866459231276
0.1273840169000991
0.79133632278686
1.4369443603406875
1.90473277549954
0.9579922265541625
0.9223947119087211
1.0498977875860853
1.040520005432723
1.1590507816577444
1.0251454853329858
0.5108876032587751
1.6861120233107965
1.1435440387487108
0.7011054647827405
0.7110944951470564
0.7629617618066434
1.4214719945173766
1.6202474408698644
1.0091250413013342
-0.0022460735704711923
1.0699201007805001
0.6604981188967859
1.1128039260372025
0.6111198625313597
1.296433567936189
0.8293848551419467
0.48474279573906176
1.9760194756717258
0.8259847502886497
100.0
0.3755220920717131
0.003957863163738251
0.6783500853654242
0.8567726702621837
0.749240556285225
0.9172810888942263
0.7238028246738195
2.0401053804538556
1.2666494537000985
0.959408179395055
0.3160120401405272
1.8908895150146487
0.838747573010536
0.7576184279435063
0.445899379729208
1.4488732896862682
1.0907806508519233
0.6910720411666874
1.212926085809525
0.6757968786894519
0.8414421907584225
0.7761285761972857
0.9799742714598165
1.3688019744160271
0.8537795105373371
1.0895688568895572
0.707675289950388
1.5322841436025025
0.48336664525017325
1.3001905993924388
1.3739839946019405
0.7053596245176833
0.6785334380194613
0.792437081929569
1.0564894029110135
0.7317631433211357
1.0906193490926985
1.1531978442675
0.5405093088166082
1.1943284201813311
1.526522309872002
0.7127423134026412
1.1029729834486885
0.7208765029140694
0.3453017461072958
0.4797505019217241
1.3000071818881727
0.8731726572233395
1.0390863797595613
1.1427898237010954
0.4757248302802991
1.6439842929846864
0.936521582584056
1.1950477839381186
1.313617100124476
0.8141752907987412
0.5207580165242045
0.6090663792237656
1.0270454650028027
0.13714001088053812
0.9729017125013211
0.8453374522880479
0.7840905797091257
0.14264241227711438
1.139826295777685
0.15503439310213146
0.6132559447989195
1.6358045011961915
-0.2256077783640303
1.342740239628236
1.6286634529446316
0.8050531261138851
0.7547125159099175
0.4889245938101716
0.9722896001575947
1.3660020676216664
1.306638970088639
0.859357242994267
0.602733783473957
0.4758249174014977
1.2073966779365337
0.19958658423232828
1.7978560166510826
0.786004056309696
0.9181915833562393
1.2748747415434085
1.8464489330862714
1.1514482577414185
0.8269120634447615
2.0600056899730377
1.4147080940369423
0.21431365925743784
0.7370143911476972
1.446345329468402
1.4734497677582516
0.9586054635084212
0.8403907168097492
1.6377132539150605
0.8150067606376837
1.1529029486112174
-0.8822397258747212
1.1350345843874252
1.8236073056218487
0.9040036562545082
2.0819854088661045
0.3402318004745674
0.5132474895545593
1.4838090391381014
0.8309384574163575
0.9422203490724665
1.1542493251582047
0.48248798023954553
1.612073831623674
0.7563899395795932
1.2211054685937999
1.3923009085320408
0.8677375737334772
1.5904822912593897
1.144965456886804
1.7734964081805449
1.1792121480726645
1.2910684352362116
1.913177908774976
0.7033549861523335
0.6410519384885951
0.9911523975953195
0.5104638081394752
1.157510719984262
0.9427670861224778
0.959654571054262
0.8570160119230805
1.0640748978938732
0.4701308314467792
1.6366730354736692
1.1922643688964272
1.2749125299571666
0.8515144502057373
1.1738038026236375
-0.5869567725183945
1.525060436309952
1.8436778221603247
1.4623851324500434
1.0603034732514096
1.5804259300808863
1.1089250446668713
0.14212157600350658
2.0970394251949553
0.552039183285167
0.6408485753074703
0.06792716663922685
0.5954485309090541
1.7089895416637053
0.7363479679882571
1.54650994923556
0.7629801858952964
1.144385166696977
-0.1268100496355372
1.097179426631654
1.309055813235469
1.897530835825369
1.192940742261879
1.0869374501435183
0.8329713703861249
0.4817193657242277
1.4322178079310248
1.8081820109780995
0.9171977852181846
0.6709980748219203
0.8082583543093824
0.746796703693558
-4.828424706572566
-5.497508429437346
-2.4798967449696843
0.15877674356710678
4.096281747303922
-0.45465547459256006
-5.675326963692671
-0.12216245250573163
-1.357117826801926
-6.02422993433431
-2.9195742450118183
-3.766809487718545
4.221138804229003
-4.257854493227768
-4.679972959914046
7.844871297216657
-5.1628604653039645
-6.102522019864607
5.7734811325632025
-6.015883373209315
6.295762566655222
-3.6685118846355467
-0.20519851126093164
-5.473364812585781
-4.34614880162569
-3.568034951858167
4.51069362024117
0.3760721410400398
3.0408994185673874
6.821933592994646
-3.1832954389898838
0.3615569331812692
-2.402051008361871
0.4223390324939867
0.8633588834523643
-1.7141313466251875
-2.5351835549407054
-3.5210339434550457
-1.844252260196468
5.746710925453953
-3.573487816812605
0.7600457966694995
0.9432809178828466
1.1545607294053313
0.41773696515457687
2.4962695616302715
3.7256906816532056
3.5650100655283423
3.5254737487593597
0.4349757834852966
-0.3708812195387697
4.531616594354602
0.7142286276961958
2.0450824682722923
3.0094088606903333
1.2871768239625654
3.647779146615001
3.879176423513181
0.4374680119775116
1.3685277677955268
1.7797962966231722
6.102619766246077
5.355046656718444
-0.30224295367299225
4.757743748806436
-3.8433770849849385
4.139508813318888
3.7750336726531653
3.190545826551854
4.783656853206829
4.733939347292985
3.3999743874588955
2.102937787535802
2.9340692927908805
-0.25757211951934783
4.846317497351271
4.405973604045584
3.7284725050190555
1.155219280008663
4.564132579115784
5.047969150259082
2.904605042173876
4.044211896171853
2.895794581960829
4.300119559017978
0.9969285498877606
3.560035578803044
5.200120186043693
4.1755315953179135
4.538503349429671
3.567841011858299
2.616987533468142
5.869358877306338
2.8743840018313844
4.667518495870085
5.169322713610377
1.7063627299622304
5.0485135498046585
18.738502592920426
1.6136220649999544
6.556191145169456
7.622490240337973
6.186127214803764
3.94737163308517
5.735320224592771
5.375409130288302
0.07490881123022262
4.709043242419075
6.053874575628945
6.232386482799274
0.9490837559919156
6.9327344225304826
4.555421338885841
4.630100410805157
4.902581693432284
5.441834158930303
4.408891586341168
7.098269926342097
5.321577352207296
5.872471449055673
1.193857377532188
7.833175510585938
6.10521159718761
0.5352197559868894
4.337487132657781
3.5536301782861828
5.748754705273643
3.598172101434852
5.524810808479085
5.20485341649701
2.8699006863408947
5.628197978679138
5.430171083019853
3.8466971000210712
5.420955876166359
3.9310467809773653
7.70277227022929
-0.623717299135129
4.401297484869281
4.833628052384291
7.7457921902943365
2.764729224196431
4.952702208917641
6.270218141714471
5.57743593284953
2.8723566381737045
7.195626761929669
6.260340785311244
6.294278705401226
5.239447193773216
6.293062069776898
6.770258159276335
5.289880392228014
5.694357747261875
4.392362292167879
7.266059027717652
6.177984041965863
0.9110352580038905
6.81114738139591
3.717672305921939
5.290373595793572
4.3974030979676995
2.9210345313589117
3.9977111774059058
6.617381513934246
5.545216259623685
5.819548350620986
3.381307558922881
5.668496366889209
4.459695011361378
6.227095833797161
8.263273418512853
5.880154152092088
5.335792680142294
5.579776242445286
6.319320189708831
4.272041452825592
3.3183143598539875
1.6799973119979783
6.289979622851431
5.865371194646509
8.79271129511491
3.0507234531919254
4.8282415662616796
7.992129141553755
6.844874738240962
2.347948909809058
2.1057395791161455
6.996990225276989
6.42454815808625
6.399037727108079
0.014140645956116613
7.179455563108625
7.000727778893278
3.7014919057200113
7.26965102258896
8.40979317528579
6.525671101459222
6.831217276122943
6.202423730183119
6.363258364714822
6.841737034621944
4.758184455872902
6.0207481146533075
5.216448437304562
-0.796171327751631
6.847603893054903
8.377292799271782
5.587019060427966
-0.005424152555254802
5.445256121264722
6.87657267505716
6.626812433732708
6.643549713674153
5.349572335051657
3.4385560366764496
6.676004709619601
6.393820893099044
1.0440765802114578
5.535269276347548
6.645218679810862
-3.9097110041103917
6.457298362269612
4.307420849330206
5.773994290225013
6.199636908024039
6.484197430256972
5.084431489359201
3.5972280924610365
4.5145598047160025
7.104552531396658
6.613481549145877
6.865564121359086
7.61593638150593
6.307094258598756
5.803009465360541
8.374073706175853
7.837927505180724
6.509114989324825
0.2531021314849533
6.072366904224043
7.4293628916501655
9.462557552435404
3.8817268203662265
4.895053594299296
1.6469081835389483
6.077940118303846
7.163414262408636
7.441561384806388
7.778329818699681
6.640391868234809
5.223356611538264
6.0749376094475185
6.084277895376261
7.775270115398348
4.002178061622835
6.770936871956195
6.444969613488984
6.676982246944143
6.737426073584033
6.016414462174341
4.425917361777161
8.330283934605154
5.699840654221781
5.596185943305105
11.244171257698401
6.562772576102915
6.249938771711141
6.419610830546221
6.913843938093144
5.471389173964081
6.153206299904754
6.543632117250246
6.432651987274319
5.797696914975847
7.058663906781628
7.000769785841168
6.4792962290245555
9.741951443696431
4.761569485007591
6.68987384971938
-5.970398025451281
6.663100268146695
-43.46683886340965
4.820863118467782
7.092793829618261
-4.904556810294799
6.819090418640414
1.1931005599771831
6.702537113934923
1.2998522897428737
7.075640587451012
7.099487767377852
5.526883471762105
7.273435240410243
7.201114598930227
6.723193118827664
7.583415300076032
5.745161746008056
8.049956795869804
6.871468187386386
5.966550346685441
8.343931557290396
7.06989731001964
5.256149038666305
4.728282191223714
6.782171998247531
6.584301293543019
7.029483540133493
7.29558484024245
6.269015481762456
6.333867135458575
5.654207812233649
10.277375760530818
9.057242198119283
7.700821018389539
6.27344882480075
11.035489961406114
6.692583823564707
6.7906250445778795
4.725757660655518
7.486380362139863
6.955741482503186
8.722147941108608
9.3121915859179
5.719304871250948
2.2319881844730376
9.566081884233482
6.088590624930642
-0.40117189625130734
10.871909045595862
6.334932867217975
6.278769144698856
9.412306855751732
4.100633441700889
7.327496459936116
-1.5120564446003932
8.868178309277631
-27.303512544544287
7.972705789935262
4.046193866939087
7.800469392331392
8.540564896346606
13.847853742019385
4.880929799268104
7.598513330417333
5.926982822992443
2.105246039206203
5.476440519895531
6.129040725443629
7.2811871683467455
9.369476568380579
7.761726181558183
3.805565948309623
5.151037913689756
6.795583086708547
6.454089506616787
8.362294031753777
8.304622262338883
9.31902415538904
7.440225706471701
7.280610003909782
7.052220316592262
2.645377759311571
6.918921972071836
5.93224997390528
9.419759016595318
6.263148108880466
8.562266838939774
6.647914757339351
7.858981436274762
7.23337468293951
6.080447327248261
9.15694543067251
7.758619330273777
7.327629026611397
7.124754886626263
10.53041236702938
-26.970569004758044
7.667437865833353
3.7065402509479184
7.867868259339649
5.976275066127124
9.22702784188853
8.422411636544863
9.513481828134495
2.8857264217112704
5.71619630481845
5.950076780962848
5.891908669150357
8.32868724046734
7.173693773731608
7.747585863683407
7.206651937958466
7.608978020539456
-5.003748764886202
8.27028268628418
0.39311844430729403
7.004768235775385
7.09676337841658
8.03755719842842
8.326066299648332
2.5249057159793082
11.346270729187323
6.914383598677904
6.5662695171785055
9.000008570450452
7.823393587476967
-8.45132398773234
8.433909638567908
7.247465187995726
8.5102331854017
1.3919167044094154
7.600205230832803
3.492941098355525
8.209174510166202
8.430365704099424
-0.2284842359059767
1.6911017301229565
7.727453795064487
9.189284960120666
5.468745125740187
1.8942599655598367
5.576383308173945
8.500823679291939
9.251253514645498
6.908889443430926
4.5679399422881515
1.6911111089884059
7.517971494627843
5.357327614637198
10.895335939843784
5.927595864194296
8.962532991856946
2.798876284798625
8.72406531342408
8.35912353984884
2.934476143339139
10.02635725368967
8.972310176650689
1.0511305169026552
9.16867625358411
13.319018720382482
5.506166309078056
6.538463998606431
10.837322167783597
5.771583302849229
8.426016236244655
8.041756859379118
6.651243973825556
2.555653253652706
3.9888849785521705
4.6619670182959725
8.596392250001003
6.164410439903534
2.0044653788254796
8.166408976146528
5.973268858951139
6.765885323892134
7.111712039092734
5.416542454685324
6.7036812253483875
8.218385429693292
7.4888403201914215
7.425483208271583
-12.417091082967996
1.394903493945033
7.800599770123182
4.642786983857896
8.714464618199026
5.749855303326025
7.499548826408309
9.36577346563296
-150.0
10.551465515894774
6.829019548822016
8.89173144379383
7.536302497425335
7.947159741805924
7.945818515734992
7.207457881424583
5.929711835404598
7.335997831761985
7.287654348230627
1.627079838396094
8.399141783923358
7.49447734207518
1.7702742457690894
8.731233663313652
6.999388130890671
3.994669085144913
9.286965967218652
-150.0
7.454060496291025
3.734343322432102
6.7711259675507085
7.285863187950304
1.139938375658664
8.430428996275499
7.051902468746051
7.089146640239672
5.502230678372433
8.606753344004137
8.088879582315885
10.080667779403074
0.6781358384906693
5.547800440857693
7.100549909384476
6.378060330565201
11.024726758458245
7.456131032829386
19.489353451444483
9.334869106782197
6.8646473294537
8.311505379580641
5.909252985186775
4.530395001353186
1.6962581812343345
6.731263819603759
7.157461366556022
4.757082511658214
2.5080474979868135
11.24461095084159
9.250618565409036
2.7170084533587144
7.841351687478724
8.234363639550558
10.559055399271678
11.332845680638517
8.193207898007744
6.1363044658104196
10.565261490731954
8.424010832422752
6.305552282110085
8.498602276720534
3.5865651632708975
8.887452361487272
5.5146682578024935
4.245589399927575
7.314703786973624
7.6520347683458265
8.25750310075727
3.7381925678688215
7.311982277869859
6.28045245571351
9.340940750300554
-27.436452441165006
10.550962661342172
-1.5827601046831539
6.682470483061252
6.94372749021384
7.972901333608952
7.556269384800283
7.467921249470422
7.531497775301324
7.040954408263446
3.890543839676902
6.638758355018888
8.734453752590685
2.3954678038444577
7.149131193484355
5.853171478455153
8.056047275123143
16.283667881016427
5.9344675980669015
1.6957496403197003
9.799617479877234
5.549779412923537
4.358449789127842
8.034076957257493
5.129406558106108
8.504072422817204
5.829992030377083
9.150599089012296
6.595131586414551
9.701998568709568
7.689799274603206
8.294481220718815
9.85357304183269
1.2288461851297965
8.595239041152055
1.693356062412247
7.622810473413747
9.196234074601144
0.9742814856099646
5.849187864613433
5.177963391647165
7.302823590628575
6.08568913972768
6.89742640044792
6.6812570067135715
5.435204756140884
6.074407424680916
8.488924661186728
2.4678553233307876
5.814367799802929
7.186719165778082
5.2696239251023025
8.915668902024079
11.59896722881054
8.133098814163048
4.0317819921857705
6.901270625028952
5.074722679794903
7.6660121843162905
5.356642910520513
9.486014956993678
8.523578173378942
7.775262769113004
8.079503433658882
7.779046489848369
7.737128307404962
10.829554646519586
8.347512634402218
6.244662927986583
5.372679023536522
6.157282377366344
8.298687886072894
6.575932215566655
6.189356204953575
-2.5942613640021346
8.742156472486121
6.050998223287758
7.074095806362032
5.215508005761374
4.918470947389208
8.992979943071727
5.362797810829027
4.163608951379717
6.763983399049924
6.944797727280342
8.720453167951876
10.509350739692763
10.946432382896749
7.521738690141251
10.172782361977445
9.584075860431325
-0.33055322535391457
7.860158925287264
-1.1990801180923654
6.49703264335348
7.757753003095298
2.7216435377334873
8.91685403627698
7.525032498023729
6.095722117658719
7.00551862792246
9.621524035117696
8.438832585454811
5.846716388481241
8.994956877015433
7.915798804274523
6.5512665660007645
6.458746333179111
4.438477941371665
6.384147661844477
20.46515443556019
11.36319217281458
8.014953374116493
5.776223639206624
8.836031672426463
6.998993360576119
5.61564452681886
5.411869193479764
8.380593443212026
3.6548759235815877
8.277233339778633
6.193652389641348
6.766526658814636
10.624980360061697
4.727245070923363
1.6635047841324953
6.967775552646535
7.039260942048334
8.815498447379015
7.852263663506055
9.77703899431923
7.6019259918699715
5.775026183300339
4.994550023786672
6.7697106546118055
7.675914777786858
7.5231632149764085
5.8343643242965175
8.940655340183747
6.227086164685496
9.609393602110568
-22.079608183395763
5.5109786987135045
6.866992019560066
5.800542048394136
8.089574279743914
10.88066581173012
7.539154907064538
4.678776978838545
9.659808400004785
3.9424823059670353
2.5706175393553665
5.603895394232464
5.408481878039769
8.842503069097669
12.659755701303
8.492375974093617
9.697877914622975
3.015206603915355
8.22322640920763
8.226063790310324
-14.062398540034945
7.725669170942236
7.567287909738499
5.316676823898168
8.88066429725388
7.803568716097635
5.074391922548526
1.6354184139632049
8.392134548916845
10.820840718022492
8.210781831600258
6.095613717757885
6.5132490781500945
5.291520583900549
7.4715247952400965
7.9061309644454365
4.622747816672345
5.631347213503523
6.235004140886181
2.9746560197379432
8.066270331660522
7.637269058524973
10.087164394841075
10.269385165634485
1.6667101673326075
7.148189130968322
5.308065396909861
5.308773313049619
7.199481711150506
11.536912096180885
6.189878512219963
9.135424485463691
5.391262308069427
8.010037085180683
-0.24823297298754865
6.52001665839173
7.9650354611224525
6.2361110621795435
6.395529674870603
7.607064892906416
11.74980286722691
8.424607897101483
0.2985618420595475
8.055684422780239
-6.1027890440867365
6.0977070344417355
1.7267843134927048
11.145313948104445
8.315384987202924
9.54035429875718
1.5897804493619814
6.048794233488744
6.823791906312981
7.687982527821312
7.333738269189615
6.7486908397693925
10.034600807796252
-75.87577572766051
6.015550877058009
7.66479360652206
5.438005800720873
6.832428657134958
5.926797319909434
-8.93924643820774
7.198883659626967
-2.7685587299061205
5.522987213411452
1.6460945472857929
5.792941271951288
6.199163949177321
7.428487995500183
5.063735405292585
6.8699432452296065
6.32990472439587
4.015533644171175
8.58941465840064
5.158199881834078
8.422492341019616
7.625721222141991
6.737789461145945
4.752138507135158
10.169841789426009
9.770667450596424
5.491969852969699
10.750373640470746
7.335348741081937
6.685874476164111
1.2418490038408632
11.574468587147823
10.338138755065822
-14.044395139491222
7.688345592525765
6.2457130082950245
5.038972232794763
5.190947449660262
1.5830126851913082
7.544695717178326
8.180246549096605
3.123982325229754
5.010015117012047
7.459656896354529
5.325116798912672
5.733021265985021
6.779369774591316
6.616794420306809
8.862013836860347
7.823189013840554
6.636821745534235
8.039708402555616
7.963912051990758
0.6464552685341728
10.415288639604748
7.693557302006716
5.843348150758041
5.226729137122843
5.2454253382875375
6.919984507793723
4.672087588006925
7.44702691423234
6.746698690479482
7.936133905994468
5.977346711349705
2.744361306440299
8.430920656958522
7.984022718420771
4.0464227562636665
7.6320033501764915
8.563937641884559
7.112988961499165
7.685248971279409
7.373049734391289
6.678847893035664
6.096980394306361
8.575503697551284
8.288003075411076
3.998071968775121
1.6414951356196439
6.152018351632092
8.687808166970214
5.6754671975573965
2.890792316116649
5.151038844045657
6.698957469840727
6.373163094342645
9.475864006146182
9.294783812791366
6.748683152995494
1.4378719225472718
5.72819604754806
8.344432633832954
4.1340840375581385
7.0771157088403855
6.058484918074774
4.604736095080637
7.080211134179225
9.630840528059348
1.6283799396929655
11.228084461961704
-150.0
7.044206074858143
6.307143524524768
6.624794427335112
1.2148848126804606
5.2170399853133755
7.510720836131303
8.253612572418493
8.084006343225717
5.979006334037763
0.9753439607249356
8.449657270664002
19.06909264768001
8.7831246981747
2.03285357216944
15.55259704330731
5.920024343481686
3.96777043278887
5.43527103510058
4.681938736605499
6.614982954511398
1.8750215540256054
1.643921683268096
5.013976068476794
7.710203327453607
1.9176635074418198
7.581545337246579
8.328361627715926
12.821426148555092
1.3879210719794162
9.559899391133014
6.528321926579663
8.229667935071232
1.8705436960827282
7.812853085738354
3.896551334772366
6.159003587048699
8.374966422887386
4.2808090331410265
7.233771861751939
-15.463355694262237
9.078854497873047
0.2828970750875056
7.066185494326373
8.278793781003314
0.4471152047828298
6.230097097651881
7.4517043980911275
6.7890119138357345
5.801713385171064
5.454413304943414
4.253459214526348
5.973496275041758
0.3787854879405467
7.450662036016859
6.634596161736908
9.119418937828515
-70.93605874654301
6.1671231919059855
5.120477726954481
7.020495090035129
2.156097118614243
9.982941302691733
4.803701075499858
9.549020399853209
5.643908611782855
13.418679647601767
6.360907488916838
7.998342549058678
5.18539272391263
7.456195995226062
5.6754225961650535
8.852235004860034
9.394700696998447
-7.111270793660032
8.799970945709427
6.45853224213377
6.512319836645419
15.66113193329618
6.094232712738575
7.035635378738469
6.403659061490157
6.242500499410092
5.3703834115649105
1.4772989903966984
9.405834525965242
-16.43444594326879
8.632749116304954
2.164377417243996
5.688556685217065
6.935034451328334
-35.83253300724767
14.425775389369681
8.017824930713541
8.780751491714398
4.004421365339665
7.520014160653258
6.768350866887269
8.690488522827543
5.089712621697211
7.299311808330755
7.073886577123864
14.248080596189256
8.046031273214133
2.98404868548583
8.482345691351952
4.751915736539065
7.887392876948931
10.241808068539632
3.2841830832744376
4.624637331828026
8.69113147086764
6.226651790563865
-3.455127590111243
9.368564049807167
7.784308613684635
7.690634108750685
6.433965107923945
4.217557218432862
5.0928711597597
6.032930912908368
4.241750976703067
7.6131773515217835
5.853772329235407
7.137725439737736
4.770533928550792
7.023336686481432
5.89466358182077
7.7369921619106865
10.031098505349862
10.347550689312039
-0.8446905751381402
7.156280747351358
5.162399513995547
8.249368283099438
2.29209731996435
9.889559848457901
4.01263567527033
3.2825788713802724
7.348318360098628
6.624088381898105
1.7259673833239495
6.460980888768827
1.9235623854249533
7.678106173189419
1.771847002251248
10.603936448371185
3.016850978281462
7.4743406192836614
4.831772780489228
6.591721531610246
8.084084260490686
9.899927111173252
3.500276077831517
6.725896351856683
1.9309141669507826
9.05620211338221
5.476129833430159
9.146640665848704
1.3515782006346242
7.009650788741543
2.3147320389394395
10.21142483281106
-1.3575181500559128
5.82286857212743
10.8516625625904
9.927701487258707
0.8218683979591749
11.026960506996552
2.9974974138288175
-7.276355341492325
8.241644260252766
-1.050505007332715
8.369342264176849
3.486031774270656
4.7771802356858775
7.157995842088059
12.068214880082865
5.738351780464764
5.784834266152756
7.057492682242513
9.084676413247019
6.62407476355114
0.7737773132805299
7.381867322490241
6.267907236900137
9.202696706480925
3.2385514923918137
7.875325217092932
7.780239012022932
1.2035274425140008
7.194183097753092
8.563704885448645
-20.889487374905755
6.759794048877258
1.3042196586059172
6.463411903369198
3.4612617800947585
6.8869656659574545
0.7989840571808068
7.151294820622919
7.834774654251325
5.812057390148139
1.7756320630170215
12.069131686409076
5.38057646330294
7.948211216017548
-4.335591752805168
8.054709933774827
6.372419938023386
4.835682182314622
7.083912898320012
1.6424713479975557
5.455473977287544
-0.16653481712302254
10.102966856506216
6.362432495405805
12.836970970354834
6.023255441612582
6.401613864172814
6.246730002776854
4.184574267698673
5.7960732200284255
5.363346591397874
6.954665974432001
7.2599685987642975
7.161172337328911
3.776600113437487
7.329556707080548
7.679317769412381
4.4359223724701495
11.982090781100958
9.418346246065141
9.476631135597229
9.996151527350591
5.785147077741087
6.949135284242862
3.816066549265769
6.440549460719641
1.482395575958966
8.029363083673134
2.2031319088208026
5.636832249949376
2.0557404641193546
8.634877740404123
9.773475144440544
1.6159155036282564
5.647037205100407
3.882918177828945
1.452057290432807
8.24602338969679
4.083875498011941
6.967858872991408
2.620877895741814
7.021740401209385
8.602551084376806
1.647236018944292
12.206528672684644
10.479011528056782
12.95823103687346
7.902089770263149
3.579985075779467
7.486549780119891
5.609639305366524
8.575212915242835
6.301314952610855
7.527049627456532
4.869513693895751
8.74573331435947
3.551804206769934
10.94170488579706
0.5619147130110087
7.849606225469669
5.758388045657296
1.5404870805456377
11.700517606220965
12.898130950999589
8.030723130899755
6.054203756390379
11.24171328727603
1.0328338935317005
9.25383266464958
2.2203092275819456
6.399755302770177
5.515242416797636
7.716898970006314
1.2299939453461626
5.760004157295837
1.3668598536668628
7.508682547282101
-2.0690790048705354
11.41439673330305
5.988873280662769
7.795020067579477
9.4533465927326
-1.7303241124959312
4.729813263383666
2.1479176785277705
5.451194110332847
5.689111750588496
5.81728356811345
5.488875111056771
10.896910695073448
3.593045106737824
11.01223213780132
3.052664001099694
7.206212526199652
7.665421806069419
4.956139126139712
8.86381964348627
4.199471654842054
4.2025983736359835
1.3863231717575983
6.26357081885364
7.499604037179552
6.034977591098118
8.555985649338183
2.176498622736835
6.699017228853803
1.7699458055587425
4.956330741795358
5.040066758094988
1.7756989101112632
9.278487125421622
7.562883960125156
-52.49650839168828
3.818426834304536
12.40620281243159
6.688185899898612
8.300210555836577
6.283854027000953
0.5426468609281078
6.357044238906597
1.528055020465542
10.480660367910877
7.748276880519884
6.172728758345106
1.7298357410789873
7.757891717351001
5.197677634928639
2.6234793783106185
7.65291867560266
6.272969160916666
8.04172938381848
-6.481550344549126
7.9185341974061485
7.612781507684715
10.472715906136083
5.205054232965694
5.470001521303341
8.330821011167448
3.181970837712743
6.1538405823974704
5.178068734347354
4.522882601349372
4.765960696986054
3.9711891691513697
2.3065115993902365
8.782180367454572
-1.5524655960868072
8.384071975591498
-0.10099000279499944
6.092108841205518
-0.4371358924997676
7.92239965695798
7.6096138353769245
3.2775871291761995
7.8092953446832105
-5.813796429853633
14.427949123895273
7.835485964266551
5.440386574174466
6.29845973311906
7.7116173498731015
13.307675697747149
6.761141115120624
8.530155329535821
7.759171792492437
2.310525038214943
7.29700116788176
7.483244027563462
7.907968661870395
19.786789631349773
10.75392693904031
1.5128412068867048
7.562631369340216
6.730982622080224
9.233967213715895
4.1854918220153925
6.682918323794086
0.712875656833794
3.8831790367171704
5.633238850938542
1.352684530611367
8.151857891904214
-20.162808828596166
-0.5901641983850887
3.621946923032929
1.5766948401498058
12.671297557962367
6.1717633485258325
-2.51083686225824
5.480035239400051
4.4648077245720525
8.540064761068681
7.449930316426598
6.086177142544681
7.82317194324418
6.968126811842714
7.005394585698025
5.912021404657007
1.5012472675345632
6.676679282327622
2.1029948444104876
8.44480983934477
2.82964158836269
6.938465782061451
5.271338825610043
5.530908614344099
11.210423402212175
9.777598367815335
1.2669189837902135
10.769680507161286
2.577469805681878
4.563154814486494
5.848758843745482
1.398378078459338
5.466304210186648
12.547791844633474
7.893020796275314
11.72810362123897
5.763270085801296
1.2774086578309207
5.892062308102875
10.006381548367164
-9.934071897599502
5.163400579567276
7.289496326181659
2.958357941185065
3.775023324212972
7.116462401399844
6.205024745058189
6.364022706718381
-19.528318307115825
5.602067653971775
9.367668778388424
10.671222158302335
7.365414986950121
11.279926693450413
9.764285347475827
7.77719338072064
12.088298856952845
9.76782192322152
8.35252522308565
-8.789916689111957
6.172931858309672
7.362638840214598
0.7547474417961213
0.6202638207091076
6.746593778775536
6.432838469983847
3.804288637708527
-2.635409414918447
7.026238813462951
8.548168371761346
12.842782650659663
8.251087576000828
4.433975256199993
5.438535570286771
2.18822486195416
8.9054606880264
2.1117872800642004
4.709257482675174
4.471392218225494
-1.9418236444412735
11.35057289870873
6.647021291793952
5.840151635549052
1.4831194504049867
6.941809655964744
-1.2088883474503191
1.6464505893898538
9.47385636411793
3.2418328709620274
5.73031491520958
1.3593747576027815
7.341735988634723
6.895850718452556
9.240173692617587
5.239150256151097
10.952902510964526
-80.8210752008414
5.759556987534151
4.308372402501378
1.3997918474688449
1.7255818321682728
9.502423480901834
4.064716315203567
8.577802710752678
5.6212403183462945
0.7751775446252255
7.53926024901318
6.356832340205248
6.297056213606471
4.785128252889013
6.108825132800803
6.144240241887054
7.384565548646257
1.4246526095476404
8.636880152371788
6.025796495150306
7.729093546734249
7.427387652382191
8.60574576631705
4.241246390337974
7.1767011555966205
12.23354586857003
1.22541981422143
6.860240857620716
0.6962894613332269
8.401295480990907
8.54200428589467
1.1100668277357264
6.182007177106693
8.472392121121462
0.4894045977618613
5.9568044931197655
8.059023664590532
11.838413005227553
8.479617214600772
2.069314349278934
7.4323726976602424
7.945550636996241
-13.551280213597135
7.131814486304767
5.563346319939641
1.5520109370374453
3.3393561713916116
-9.249610338475026
8.423345759633282
-0.010857851140365958
9.218511434603048
7.838970142056586
4.26078619030648
6.87197001392977
3.3812874684022063
1.04893999375774
6.21369545541104
8.144854042565811
2.542601936013551
5.652012468714232
6.847364925511086
3.565909939663923
5.901090796432736
5.4303742599898985
9.285963023536675
8.695888204575239
9.274724546714134
8.141862108313775
0.5001488396161943
6.127931222427588
9.53144549532778
4.698073503335545
0.6180103814358731
6.149039511928095
7.890191315845595
3.4944363959630653
1.2289889401795473
8.680204296101437
4.742450082254531
6.246881435086363
5.405380527725282
1.6671980367735892
13.106561056919045
6.634101059802612
5.871640449914269
2.5935365692093897
6.930898438357167
4.691807140487355
4.36546553482267
5.730951655662128
0.83395376995983
6.027656023184096
10.081005544821787
0.3765497413977835
8.785096599814366
5.676783577215889
10.34781880240712
-1.9604335803419572
6.7762986670040775
-0.5782670073916737
5.189818305081094
1.4253358243063778
9.8523259463273
6.881435751542722
12.03878456505902
-1.8683294478516121
7.983539042482522
10.523462653687996
11.754842320531386
3.533290020880512
0.05924952748811636
7.284649982658819
7.366213656415427
6.893528330890603
6.035043950933491
3.869475877612848
7.967656714495769
4.948970461515927
1.4417307057216286
9.856572194500382
5.402374517229146
6.177682529258883
6.662949077741516
6.587716829745054
4.388083717708202
8.659930134009254
1.9055948198006911
3.565091650462636
2.4160140246511363
8.910216311149384
2.856177690177258
4.952572939595493
4.390675299640961
3.166114515722397
8.906903457871417
9.962219896726072
7.537002988814495
5.113916729831693
9.744743330017382
8.914192393577084
1.80564019747941
7.404308474998814
0.8875050963491022
9.815135417486626
-6.1972358377984635
5.047477515933618
5.961951330143259
7.715222178813778
8.316164988193663
14.787103982094296
8.233816634497842
4.331035560821083
1.2149155360385056
5.643970975273721
8.668399766104258
0.6788785007547381
6.01948211161652
10.209944325174684
3.870562668296759
2.412710550710405
5.4582357352130515
3.541416320608919
7.073728922470685
10.296853819395848
6.165901890582844
-0.8433201973865408
12.103470216736273
4.279150148356568
3.2143195565029683
11.660439962841203
3.8652725601272904
8.696914996562278
4.532232889387479
7.880688524862598
3.446171518049719
5.516513816772676
4.385196207731087
6.383572489039392
8.240192713471853
8.079176871389603
11.107994182271112
6.687361615266835
2.608210036571591
1.6655691112306479
8.000890364017309
7.043056906125019
9.296458796168555
1.312883066784028
6.153103172248986
4.5209197691441805
1.396026307910357
7.470932978988476
0.7147563005922665
8.155239032701667
10.878393115640272
7.266426744346989
6.4803265147550535
1.681079899516349
11.284716921239443
5.396902706849089
7.375191228171976
1.6955342076135345
8.911549761900128
5.388147806290602
5.464717937510067
6.7418273829999995
8.165600119949229
6.522658144587064
7.6234307378222645
9.122895542861404
3.5924301531664424
6.381958882318154
0.9310133821709461
9.354089868914846
-3.327838714441207
6.255444794089229
4.978936797031136
4.3235933981459915
1.2618289927127615
4.260533759897232
2.328977325255296
2.870918373740346
9.376163485445536
3.47301893355692
8.047070479594469
8.099076824547739
2.959536093657239
5.611288078723095
9.401478335888857
-1.4619958387008676
10.01053484427547
-5.038460087515133
9.450959554151135
-0.3445063271310381
10.035317902747337
8.304912414447369
1.333968207464172
12.108270860176576
7.43145943834672
5.419046001240706
2.2370776607437692
10.937357679236406
4.242996690309806
5.713778706376008
1.266816670843861
5.380354878960892
11.435452074996764
6.760258080273343
5.952262304727245
6.914085565095819
13.117550821051262
4.864355598573021
0.6235132948249774
10.172479775094244
5.065422389705249
6.353854814334628
8.139263119920788
3.7147750007638765
6.749690710845194
-4.179197163014538
7.811698045780438
2.997589126063253
7.506511498584667
1.3717659339414203
7.553781545388945
7.005239899706552
7.331489636553733
6.348923086609554
9.82476017870794
9.001549052553642
9.137051044773992
3.1086601477969094
11.75400478835961
4.2053010555901436
7.892819595863067
5.847733863003059
6.140951316793371
0.5156974049041056
5.675956929449972
6.013529557731862
1.0255330601990682
5.988058774851351
2.0662674066448132
8.065380762867711
4.10327727715878
2.4203514370582284
10.931874174725525
1.6921190418482968
10.845135180034683
7.383776255556412
7.578759538312604
10.51747562400584
1.2713362743756413
6.587150802428431
7.314637847275022
7.116375102399774
6.36080089585029
-3.7489380873454397
7.912108025330927
7.764667131066709
8.189751312399911
9.58908052948907
13.114071673273095
0.33928991978942497
5.720572256135838
3.664621543953111
4.70516294785241
5.758868264950094
0.42483784012771153
8.812953280878585
1.34953107064891
8.401936140757583
5.917764963644004
16.861391937897697
1.4431645181225685
11.04006418021799
8.714508573004583
4.643356058594683
13.707815137377732
7.502257058355292
-5.608018560500593
5.76649117626048
8.538930877591158
6.035736357224305
7.453850083826639
1.2573995862559777
5.617332952515004
8.038758062280992
0.8221172601385028
1.5173043701698095
6.0559461206658
5.105769604566099
1.4497685280704966
7.5453951257771505
7.544044509856413
11.10009237465251
2.1859633470277378
7.9394852365846535
-6.858813836286303
6.831438742834086
5.526841194493804
4.559891885784713
3.751919738298397
0.2783702807117941
7.271459016402402
8.237300089269608
5.797382609904719
5.24414694689223
4.718716633504082
10.243900416789392
9.606382588957846
5.587395021729501
-6.948947924385034
5.531764459198994
4.733516182444558
9.62532203150268
-8.534707534090746
7.588491901011456
2.3088598068590596
4.6256319801896195
4.99774079920276
5.577352030298746
8.312245565384902
-3.1486784949196993
11.037541923974878
7.489639274886123
3.964754226816264
10.397381969789228
1.372666823530568
10.861277452194384
0.38420571125068465
1.8991925326792491
6.463729689364056
8.995916549309717
7.828789261882034
7.0269463995364045
10.780587788972571
8.571235633945696
7.457634666315428
9.355569742990667
6.424743187484588
10.9259452689628
5.688463883928928
8.781615216552078
7.336866942244185
2.5824283636844343
3.989279972466204
1.3381226433013536
9.619507996039296
4.6211360753661666
-0.06251666770226642
8.271279489040591
7.448092161357393
6.979557965198248
6.793554957517329
6.529836056357384
0.9100575455367492
6.296994160844425
8.354187671447901
7.525390449915915
5.0903499009183095
9.66792424238223
4.710300773707879
6.3406833389074855
0.7738907837222903
5.200754733106455
7.085415140844195
6.581807355891668
10.320956425852327
-1.0105096758024383
6.507011392737436
6.875009673460663
1.4880045213113846
15.425672226448926
7.623782861826222
5.056243235361203
3.1059900768344817
6.097946259266581
1.257387746316855
7.6067731296730345
4.620400638361109
13.638935245991998
0.6377668455688783
9.974622026273572
4.912791428398133
1.3913742082800675
3.8673746055602662
4.650536255958769
16.960301244432866
9.296737682109521
-29.634870372663006
7.882979150715573
3.869722215026263
12.299811224532347
7.735601234656069
10.22753860915762
6.951765329911922
1.4952908122715085
1.7674487567642838
5.952078417170009
2.8983269889490817
7.0138218459819965
5.38662595284582
2.6198156888358453
1.6962587957320965
8.224115840746848
5.043114889930039
0.28113714922441185
8.26394822810923
5.047478166747369
6.331629166711687
9.409632617288375
-1.9334076658163646
5.198159821984451
5.873628400760665
10.766238485906296
11.03752897911875
3.873190159160777
5.039555808761897
12.420796575166753
7.915174986184673
9.902258987638398
5.969700063250716
5.768614745360254
1.3381093764246317
8.602788349205879
4.205441616229766
4.058207313805882
2.4871623361582564
7.556531771131346
2.248775722585055
9.504624873209503
2.805176637717153
8.314400516340077
3.727460532186135
3.769526696119476
5.31129733186718
9.826412824251925
9.535167530885893
7.281702572996637
7.858615257777861
6.967428992341494
8.856794187890824
5.967305575356143
11.46760945391694
9.856799275225066
2.1430648199947235
4.762395086952492
8.259832473663474
4.11288488622205
3.4020066649675407
13.196160835453474
1.4795606807569004
9.48144728001801
7.328723366752384
0.7277494590575222
6.734586232020887
0.3431717233389048
6.936209127030655
5.37028845417874
6.033754214958898
5.254752137614836
0.7321371358666242
1.8677696253748295
7.225005812406654
0.6549699834491655
9.195039491126396
5.591748398832189
10.765902259241626
7.526440094848108
6.459774781671647
5.605456888662975
8.270941541068153
8.334721540565294
9.663573826266024
-1.8352834631416777
10.593436797646184
6.718006432998038
10.599285385005649
6.854199552597252
1.4643167839412834
7.285557654489632
4.457985810763294
1.40939796756963
7.82835091630624
8.369615351957485
11.32384651476185
1.7403228688650347
14.280718695872185
2.9773569472990387
0.03990941341627583
3.267295063787372
6.929759080235738
6.4029330204159525
6.760430827991909
10.516041123092736
5.077739035399488
8.06201186488083
1.8086994386148212
8.093854935589425
0.5718608004815581
8.596144055140483
1.4647176537475164
10.684788086676216
9.50746445642844
1.4300032591827614
12.741376222762744
8.630446065391045
5.670678921153081
8.8505660996467
-0.2414358553064176
11.530050692582822
10.870955516703896
6.489659751440266
0.03833782155848133
11.698880429017528
7.336732307191834
0.6860904216179765
4.098021594605037
1.3712216969092472
8.578356024306599
1.8794367674858694
10.668404716684817
3.4045753283590887
0.31112234925784144
6.506865303926776
1.3178497002517233
4.879124071157351
2.338177595321577
7.450709512981163
5.678405328738859
6.453982713771159
5.013774301164087
7.860961823166009
3.648671746342892
6.084746387632308
8.995154094118238
10.203980814398316
4.680140494432716
7.900322038438806
0.2550454143367303
8.030231842638072
4.375849864216086
10.528557046672619
-0.9019389655886385
10.069886850595937
10.003594212255303
0.4368224646055307
5.59408343397883
4.73579555296226
9.551521350193354
7.151929141911073
3.574786827421388
9.160790297670962
3.9648883844289613
4.492976303767891
1.4388298055501156
5.6272409154334815
4.965690841032284
0.38259050236870523
4.475959854741199
1.6930415589705199
7.1786992119956325
8.767073682301536
1.539201524135898
11.23593750510057
1.922857268420517
8.267388469825166
7.127865926208633
6.494413644028519
8.238879368428696
3.1066916082543434
5.343971086732643
12.866643935713254
7.510062849068762
0.5518012675973458
1.3452739278634007
7.081702743266461
4.916963007510466
2.322210141741461
5.082897331935758
4.548972043465836
8.13302372837689
8.079395787364678
8.730818744019059
3.2664009407314767
5.73283332716372
8.076805394324737
0.9671733798728088
12.841171388217896
6.311995872710441
4.510999073609647
5.926014199873209
1.569348472777254
4.925679193915315
7.37870442819252
4.562578533553841
0.6301161579687417
7.272849089825926
3.198986137015507
7.542922107216813
1.751707986722703
6.608973756674798
5.6703182152665255
8.078182262526667
10.782452953472697
0.7435645156457718
4.461230447104059
8.065336544004056
7.948512737986833
11.517507936426458
3.6452497131803248
5.201714782208728
7.3123999442055085
10.064867854686884
8.28995742014132
8.70043578037334
4.153180875030007
3.729065126798091
13.378610081563963
3.900081505870754
10.795541131694813
2.415806055694458
7.024695205293921
0.7802137766367191
8.479392270393152
-1.1422563941206851
1.3546573484446458
6.534432256425388
1.4048225592784802
4.1329338792406425
2.4787355663854256
5.340270939385022
9.93986228432158
1.3952163198042706
7.242981175906242
-0.521607514567945
11.201932215212334
9.354734902547973
-42.06630919365547
6.096739060745467
7.680612039309667
3.2035898086880086
1.530451530826289
6.1249046114008365
1.266626967464743
8.924288738546045
8.248371451982488
1.2863913981288808
7.9838197734467355
1.4757325709816882
8.304071130763555
4.742882466894436
2.120970392057787
10.796272088749062
5.74366627603976
5.264697675481814
7.923272818485479
5.894067644948313
4.387179875141198
7.53411723137168
-0.017117771265082092
7.584153495373688
2.1899111856117206
11.180955494063797
3.593884585729562
11.001983553160782
5.773651037549324
1.6934712839184305
6.063381321462117
1.3810399435438152
8.488288384823733
4.7363444383442
1.403682133805623
11.05033473143603
2.107032703557577
5.8691338074305515
3.9830995353058336
1.7022904644001517
8.155056212837643
10.932196372933873
6.980377112402407
7.857281546771587
10.674150139517527
6.186835192665637
1.4142126619811874
5.750637453080607
1.4670474352516656
5.170472608118472
8.837051807217374
-3.214615952103422
7.641666939179525
0.2988410070857404
7.287657613403522
11.372573118025903
7.815744459440832
7.0001130747971025
5.884623848324034
5.875416946410827
6.346531866627436
5.131239861514513
11.03216935646369
6.817314302421716
2.5752368554045244
7.048820306467617
7.95802402699669
5.206310595711568
6.21804192324963
8.76354752772509
-2.771886599781166
13.488888408180724
8.216046068253133
11.578439402735706
9.21966878257981
3.1971045345504767
15.271883443359874
0.5142355912594341
6.528018219033924
8.439590368756207
9.8154091026214
0.46752717395401594
6.6638305647599
6.710904700315272
9.351653716109029
0.5950160480458645
9.531167705603202
1.9997818378014396
8.851306515826911
8.541649247802718
8.187243264198148
7.070607702882731
3.2406084047229475
7.413567628529927
4.654318827403202
1.652964880758095
9.534808115076375
1.4940191335412831
8.21486540562521
10.7521141394407
1.4796069848939037
9.693475389129569
5.856918898538137
1.4376839915823625
8.505504136558176
0.16291392673091332
7.66589161520241
6.815313232688794
8.512922512591793
3.6002911948811387
2.8943638092454265
6.631617085822463
8.420510032772203
8.316084130002771
3.8503355901479233
1.1525460569344812
4.801863828046346
7.797237295362028
1.4618201342827943
6.521414142072134
1.4134931941026876
5.66833528851656
5.283563146734724
1.5039510908038787
10.249473050872362
-33.40520532144484
6.4964925009779515
0.4916033979982487
6.728915118069733
4.082488932827797
7.989889354014382
7.809203247679695
7.491466628643937
0.7043549567575862
8.11059168828027
8.419179925460895
4.158244325292205
2.8201741971812435
8.295557654382273
1.6684872491258762
7.55421491474883
7.211896377594886
4.116438441124628
1.150806513087021
6.79752936320457
9.196642358520707
8.21558488905564
5.234686607416815
10.626588786153127
1.643718194653432
1.0414790330850783
6.697209242374167
6.184711416838117
2.4387234206916855
17.105893008527303
5.940250726322236
7.240049681364449
8.186241935942778
32.10318600359756
8.058683301689577
9.293053095480202
1.345008310139153
13.339062821290831
9.926805955088374
1.4520447491110329
5.107428060569516
11.175218763805413
1.2619876298395003
1.2022339834014437
6.668050835954836
4.564301675706728
7.131211752016726
7.3463842475958865
8.132713194818782
2.077514271814138
7.355936045978071
5.863769266845143
7.560630012754297
8.877709732155962
2.1637741163427187
11.092979106162026
6.984485970594809
14.293626184247506
3.9926181743275366
-3.794919903621822
10.878404960788114
7.176029796088786
6.196360390168455
6.362338856020487
0.6058988844590245
7.802355838887817
7.466083027534966
0.8317371711849433
7.792349535596703
4.75158496477414
9.864882207519162
0.5750969850482821
6.710708627787239
5.244307008232866
6.193029593844841
1.5124930765061066
8.44530748983263
1.3971426146154289
7.575704359648891
6.020465801634918
7.719480806835343
8.466456193993105
7.262803224225044
12.729360343938366
0.9447658052119919
10.293664549400592
1.9705962030256725
7.413288485147207
6.507644993712058
6.411037456916094
10.736574430737674
5.333023695012359
12.397736096475823
8.69307204178151
2.6902713329854806
5.980074191395114
7.232643375501947
-0.07795896487105952
7.252911312282566
6.910437964330538
5.527652111038509
8.767396569952316
2.7506885203134734
5.455559074577447
1.6887456140974815
3.3920965919495787
8.722230714739124
5.678849953855805
5.188073472995554
7.100132503167955
7.000886438370209
3.332487755672202
6.204303437156198
3.5858004728111785
5.487941772216818
7.304033387017536
2.661116547374536
5.929764973788494
5.38345173347866
5.611804485788725
6.036340980913404
5.615244439995985
7.7520138625026025
12.129657933202921
9.527031023501982
7.988470919837593
-150.0
8.284176168090113
5.452558032810382
6.210157008618464
3.700045356603009
9.119809887098477
13.718216988942553
1.1955189194411233
5.965465658993146
7.77759748376072
12.071095677481631
2.0491794741239997
5.559480469876828
10.376227269786177
4.4201249590798195
2.8760592139565015
9.236355599949071
-150.0
6.461627499460241
100.0
3.999690925702374
5.268157516804076
5.977695921763777
6.813689993261094
8.97397847230634
6.313864126634226
3.6143495946002857
6.552900619831616
2.631211096724923
8.769683578109742
2.3828716490706703
9.905186345456084
3.2865305978170003
1.3848628603130968
5.552334536652775
0.7896337421492663
8.170168692770348
12.334343303968756
1.1123277575406376
9.054737747344701
2.6376660309564657
7.351697460949825
6.222102498636815
6.298583734629854
0.4152041017253918
6.847519106465597
100.0
6.723885374774661
7.210780688641367
9.80292578838737
20.709441462373803
4.13785831130173
10.246327411594546
8.127977893787433
1.6412733723401962
9.061875002057226
8.715913076093388
1.120527838741001
2.651151220331593
7.03637795979078
5.9847929319272435
6.315614455834859
4.652137587579118
6.416945611882798
3.218548341013121
3.6526749581935856
9.197665544541183
0.9020461523965575
2.337541383760628
6.338441414989152
0.8481022405298865
6.4629129370296035
6.237959819642041
0.9336581467788025
7.388754200628918
0.8976655158175693
5.856067555075076
7.703176535362685
9.368065522189285
16.80014904535942
6.473615944139451
4.909394408052778
0.014856500561625175
4.233777155545823
-0.7397436457441474
8.308727252452279
9.17618085221899
-2.5620404328645345
12.07098426604535
3.550157596775437
-1.0933636730593557
5.805986904666783
0.5006527794566131
4.398492427436903
8.455699010060465
4.70552255945905
6.763639096776744
11.530963181298095
8.216236137306446
5.030006959273367
11.731847678401213
2.731980516262599
9.685229172674834
3.5864258317545996
2.5159057610747193
6.431525478245455
0.48579725431779375
7.456858275851491
2.031006288111144
4.564393390019591
1.6606591977353242
8.51805023662446
4.392428118121674
3.3320136996703194
4.700706022943265
7.616308428332096
12.75032779159883
4.257247696132212
6.813802954447222
3.2504684097959893
-6.8332515402645395
7.683471094511129
0.6509434406655724
8.594756387926896
7.934918427296569
4.717459556063572
8.455537321580238
5.879326241708227
-6.7097036064293105
4.911014734976647
1.7051233111216584
6.301512640583592
6.360718611035718
3.984594154130879
3.736432854110376
7.496186269754406
4.80277671830557
4.481395880237701
1.4179222661154194
5.195089855257887
3.9668072027260104
3.783869033419298
4.800653817759683
8.595781256848696
6.347242874087312
8.146147478845853
1.935024905133217
6.496186131175242
1.3934848937458488
8.192872505358475
5.051590379569012
1.4020111706090606
9.66835065550021
1.6100586695524879
6.093724005766947
7.1930096396158145
3.5296657338269597
4.186597826223918
9.068771521160217
7.432989572737928
1.0135668033904708
4.4993133247656445
4.729742502879636
6.1623602533341275
10.554862394036396
3.104293355732334
7.599893811646407
11.940671218781436
7.421002630122474
7.482203721486078
5.908341072854442
4.997097040031692
0.8867573627028531
4.4350615539425595
3.1765186890632937
11.04577268883774
-37.241440532845914
7.067242255413863
5.509180648523431
9.043612362589009
3.065824991182936
6.656898366653402
0.09172972486539965
7.454491132032044
5.449849406197532
-0.4838025025763099
4.437902049566379
3.635118529120682
4.919312428876182
3.359166092275137
5.268462872672222
10.728863843190553
5.5291305736896135
7.341544422284053
9.490907043378753
5.7079776354070075
0.20452629285234628
7.095834392931707
4.2834249679139464
2.047043509966946
8.257815850343455
7.814194714743185
6.022229242803285
1.4989269746059466
7.0378217014143045
6.782786974939483
7.631019887985763
10.982709332532233
7.150920025393772
3.1495603283284623
-0.32575283184290776
8.104230059277773
7.347291541359897
12.626366316269314
7.226924001676638
4.045057603409786
8.78795093943053
5.8547614699476025
7.878304884815332
5.874458836379048
1.5755224467938869
6.283586387805736
1.7579698347978017
6.410995290481175
1.4559561139094006
5.877841778933053
1.3425116923996863
9.747975328188991
6.307994629042551
8.693530671809995
5.45343293779626
3.9729236157147563
4.7455521198264865
1.9670877402120746
4.674210804479441
7.156679438261162
3.5867658414356036
0.9703320102802172
8.540705482987953
6.8189128392625555
7.459928511858012
9.02835273671629
0.3932358131749509
2.5245608803451782
6.848873319721674
11.73049872128068
11.776865652405036
2.24873652897677
8.589627640005459
8.650107523662816
4.606443026482168
9.849599672025125
2.742839599381584
5.670715917752372
5.756503128018262
3.93089223134485
0.7047581353819935
10.236472443488047
5.6412171426421605
10.130271074580524
-8.704072168213726
8.200186610936138
-1.0376307151622395
12.354037008015673
6.028092259664544
4.781020501514064
7.930851864156077
8.136219349812686
0.7167112652023503
1.6628767552021393
5.031482582954676
1.16592678022479
11.266701620290872
5.149661621699472
11.184883748895118
8.62008474589804
1.0990398123436698
5.035915500299527
7.07293489725923
5.652230590350552
7.2918595395744354
6.304173651608198
0.4612194797040659
8.812571771283805
1.4064543105723224
5.694838492095139
6.290279779657204
4.619633436308498
1.31609849936509
11.246177087169372
-17.485549242184547
6.009175586190221
8.26736529046903
1.4008693933506593
7.356328791699424
0.4361704064846547
8.058930018030345
4.875266595125524
9.046316203363851
10.686318526242973
1.6242857952134273
8.016756987229916
4.273853692408594
0.5772092014859561
5.3400324870722935
7.829352004171812
11.703272760495674
6.902019234011405
6.26151522587751
5.790118383222493
1.6222030392891569
6.03248184995032
4.900283990136055
0.8843796484387483
100.0
0.03798888163891663
8.623246619340094
2.4649944597581377
5.590755774514566
5.474797179314372
7.702951586107402
7.280472925580405
2.473986451661021
3.424482479834785
0.630426568070957
4.12770100976738
1.5790716154001658
6.919677568990673
0.9358971238738223
6.032363434525724
9.854670512469271
3.319381287075381
1.52151843114643
10.293713381238168
2.218125805809497
9.510263111201212
11.806104508296771
3.8297352682458596
18.121234069670823
1.3492552049774549
6.2304398892052255
0.3525135363160413
7.711361514171391
7.825642035569999
5.010564782789817
2.629701397888267
9.198217405135752
6.613984493275549
3.3008800235762354
5.169935419208067
11.362696745035366
2.5166136625869866
14.438524444589499
4.868632272375377
0.7323984751431377
5.769118463246075
2.3460162993249454
7.338702296527335
6.00851886994739
6.302741127653035
7.0047897011102345
6.410991809091345
8.241063617581629
1.6915917150705064
7.524040260654021
11.823918126054473
11.026315144228827
6.433599115849262
10.12999637087861
8.551119645992728
4.715671532658636
9.680707045977035
-4.800218962051189
7.366103154987923
4.775415090534293
5.338426259085611
0.9340619556086276
9.084847968499123
-11.680426330380472
13.834175143798813
4.974335499805659
7.448427989846753
8.730067433789165
8.829690184460048
9.510741095887017
7.6940819736943
1.3690898086626
7.278240263570706
3.2578788102062477
-3.6589813907244353
6.912657829314827
12.16793028193886
9.138770885813654
2.514564889216675
4.650952469345126
-6.988120188106064
7.315400291237111
10.538552240907341
14.171868124541568
1.3251344030981889
11.498165135418802
4.50519124347623
9.667521579322711
4.895863910259224
6.660761890800168
1.36430285636187
4.784455972935793
2.290684183223319
6.811424164800493
8.215299693180295
7.5826679217064745
7.624331880741033
9.982956817049967
6.817912083985886
5.053583890149324
5.559688571004168
1.5634978916940232
3.923275756769851
9.386157817242514
2.121038533953867
7.151347218706797
7.302556433731054
7.5257133599698465
6.687839983537911
3.175637403321101
8.040653853955734
8.138499382478168
3.596360953348871
1.409538416724544
6.676308703012403
10.574353549862991
3.5879343777010497
-5.755688061080265
6.599425455555784
5.42152716743686
4.213666568420245
5.855685776397887
9.776970107477831
7.151399856411862
3.5512285272354096
8.89960757164521
9.485451619770556
4.048527627044852
6.535062035437863
5.195805129565384
3.586057409724729
6.7670618195048045
8.928970616045275
6.892624055127443
1.3778739802330044
4.689981889916148
1.7899610473282794
6.781534898287018
7.931067604923519
2.202215136838176
5.535319881664182
5.553441310697623
1.5011633928957828
8.002678703407943
3.414220158449928
3.1374292568923305
8.308270589604252
4.094901963306967
10.455686146237625
3.286849505813067
9.14787296197282
2.034050126572377
6.800087185868662
3.427157129171292
5.533024835422692
5.4245575872951655
6.306714601694748
5.188403009085598
9.712792021763924
3.179041024798
11.042658414266876
3.136945773836672
-2.127129053297219
8.582110362815424
3.3358980132895635
3.0330182954419183
7.5946420902798915
8.340154350300885
7.84098999845971
5.457267326127651
9.405941006126923
3.2538296571335543
2.3214443159694453
4.299372839660263
1.8210649492319169
4.704396845435929
7.789576782604448
1.5374137625973705
4.896891538483435
7.353439476425992
0.31527037869088204
8.211179504186903
12.446909662248972
1.6293926697798364
8.485996762132812
0.540625527469263
5.775371727467681
5.346590508264241
6.418053278288584
5.4078529921829475
10.768105266902547
5.042145617223755
5.0333656800931
6.945629638632831
9.118020022968329
3.6045106759331236
8.937889140865817
5.210564130624971
6.847517440933005
10.549310111918956
1.6859374375236555
8.488425697206077
1.43261525107977
9.059069366544993
2.951465721759499
8.040069280921054
6.221597647205401
11.639548422171933
3.6662549122033288
0.4384011982623391
10.985806067699823
2.671812299053439
6.607617946104209
1.5665108969668962
7.568791513867749
6.432065317554441
0.7651787625192797
4.730931284118508
7.989729205005204
7.850457716277012
11.379789351985885
6.382905479052515
0.9983136294044763
6.210538340266693
5.208481680468513
5.171190940917695
2.4909824594921575
6.1286147590635185
8.107333948714285
10.84890086002841
5.5969661248225835
9.021738733051492
-53.552986854715726
5.518651281060106
5.12658196678874
8.629443975739566
1.6057425923318633
6.008532588316883
1.1890561111076627
6.669987241042916
4.431562563352532
0.878510048148577
6.961149689434508
6.800362402377139
4.8693906067436865
8.461577566961536
6.513034961092964
5.558557551801119
11.581375995967386
2.816601432644689
6.114217660034946
5.198635372212822
8.27146736290991
9.274879493851934
1.4551591878422085
8.533354255943415
3.239799451944189
11.638561179570996
6.358147933999655
17.435250848701013
8.227594505144268
7.923074744866814
9.785359102938473
2.891127159987535
8.10313594061202
3.1711891257814893
3.8745597191643877
6.135635871948619
10.255717691153503
8.17688552385548
4.019718710081463
1.5699208533622258
2.531935223540224
8.297364168189976
6.945688032805154
7.659142750855593
1.468946045874744
9.72330159959394
7.635852677778254
12.00525120635793
3.2964280420459797
4.265073292042037
10.900556338560202
11.324162728078674
1.2609244722531716
7.099784583973168
8.78172671125889
2.6691962734590082
7.526593895180035
7.2307734206699985
5.168145947123413
2.8720997677609588
5.729475453782835
5.458473333008007
8.196158789687505
9.208724868756624
11.570508773654918
0.8755845624076598
10.819501693558045
6.3188359392395945
1.71033977869703
5.998418793750175
4.981881630222375
6.24333555628264
4.470725434077041
16.85815622297629
1.1363213010894764
15.207535915741921
5.567315466990557
6.882931015238624
6.657001772474479
0.27893887416707586
10.883787017107409
14.344341768851502
2.7368332671967726
1.6720117185962717
7.336958425366097
8.036361577514537
3.0527376550489835
6.090679775793398
3.398156729211442
11.230950213806722
4.603360192530393
3.223113576425821
7.793336495237386
6.3600406355455235
0.25053253445818496
5.579804363302566
7.407758354679354
2.1644313491062346
6.498761786292812
6.625365051002398
1.2527891997993341
4.9669149524720595
9.290934031176421
2.891232406469583
10.271748277538444
5.637868622261003
1.7132092304147424
6.413871868594318
3.418339860110857
10.104130334309167
5.184233032016092
-2.6386254604969204
8.718875859629378
3.0959814938037566
6.09592539985883
8.550416754087943
-55.37097424012597
4.408703406131127
12.217625345248493
5.841675344822441
9.450296743656745
8.704325829142451
5.478360975087231
1.4015543843284621
8.789466995723117
3.1732012385986796
8.850669975858791
1.6270893382749412
9.554183752281883
7.851474300195922
6.749064634711141
1.456005620427556
7.327496569615912
0.25938275784851256
1.6571911939253454
7.728708701407963
7.352125714011633
3.397817483456306
0.03354888533093421
8.537036176076823
4.620184583577513
11.564878672862216
12.430860309211207
5.9102174810156285
7.26492806346106
5.491697399800317
8.371719221255887
0.9852769052120465
1.081285420614645
5.507151238041724
5.139500527301019
8.903507718137663
4.4698928420334845
1.187179216853596
7.158720877434019
8.768217668677641
-0.5760519746634998
8.808560523360269
4.405381991721326
9.573903116783164
6.6798130244257505
2.2511379843273005
5.480743714566463
5.6764973544128665
9.402863754004606
11.77867255189724
4.968771651659905
8.044948033838956
6.105257394390757
8.12843388249407
4.840931636599052
7.632114259540725
-79.19483831979609
9.3498051122624
-3.6492434655092523
7.584698216674949
5.586323868748029
5.723100934714473
6.37633615803575
7.773553657100736
2.591887109618916
2.5499568084380613
6.187242790586504
7.891665024299594
1.0325110051510749
8.749497276819831
2.782382867030479
8.22239126218392
3.856078864558793
10.806007253952194
3.510321991722128
8.463858319363544
-6.185338171871557
10.019245893089712
5.324255869198883
5.942154498560266
9.6510604052875
9.068610818608962
-2.9606496999749465
6.915907565799764
3.6878927756308983
4.8125278577307045
11.336429920166996
2.0549654329073928
8.451472107422454
0.003625248825865901
10.491720269264357
-0.8175543095892014
11.011425403432126
7.456565211712226
7.5046081491194006
7.899777592547706
8.300463217051984
6.057732544681142
12.362335407322686
4.603628616380054
8.209530729372888
6.1065699918253635
10.806698206590534
3.223443393591138
7.434425853620135
6.963033812638521
1.288189402730676
2.9244256422659216
6.445182635510885
7.887055276559208
3.3861182287688547
5.943446303462487
8.429528848342146
-0.3885323468565539
10.473720453738846
9.719220210835436
7.7570491240411545
8.153202763700023
9.343903858744563
0.9548871134719136
10.81983737518393
10.273228950007141
4.776394451287855
8.840175144743363
3.673415100216803
3.366843627422095
6.78140488071416
1.4480766093366952
7.5902849028385395
4.598200034835054
1.4361376093398395
11.133339915602182
8.117464743148046
5.204309019359637
9.395525132786359
1.5782103485639631
7.645712773305453
1.3194242129564222
7.353266741727813
8.797076122384548
-2.1304231253458505
4.025719966133787
-4.9079216164111035
8.292492754108567
6.423015877310518
4.273399782286848
9.049261049046383
4.001118901200182
0.14346705019347541
8.243793560792096
6.611404080023776
4.756018100169639
6.52879253179082
0.6968332774853515
11.773460052566438
8.064456896994567
7.747883795754391
8.80705449166515
7.0111235507537275
7.059584258022384
10.72978707991097
11.204861079287655
10.349674027997143
1.4054894528939297
7.7741706348676685
7.686934756624943
1.4231404697089727
9.003194764225391
5.971454833792019
5.79623601819842
6.667973217996985
4.889474273737596
5.947206430287396
11.866100210482333
6.718479461247999
0.5955620507432043
9.069120918844044
5.619910704534792
-4.088222576647509
8.953637533200906
5.445649404665873
5.235604161101433
0.3189087625685099
7.93585798409982
4.947594995488938
6.839192800296585
8.660191034570992
4.727509983070498
7.9619318736122455
1.2806420621128891
6.87825794335106
7.34082702213028
0.5143196049349325
9.219619203004592
0.39387557199024925
10.149704828483781
3.9872734480962864
0.9771990104025454
2.564836499063505
9.357368507769813
5.923303104165171
2.268792860875318
8.536734481475781
5.412105622028903
9.852310761098332
7.643646248796146
5.534807338286673
8.625225342581984
7.558963799877819
1.350515409835755
13.577710643773539
7.72663666681054
4.7098629290498
8.31303347321175
2.441940626605287
8.767237964266329
1.673855457016877
7.149034136126249
8.073000607019194
7.146235468085739
8.593635795078187
10.080715720661033
8.312496135888534
2.06614398871189
7.603965947542544
3.614099993132214
8.908290932168258
6.652071918511374
4.492484342968642
1.4861856632122084
7.359366997715447
9.037881891424314
3.1784689492839866
3.1181520954099495
6.938139134684323
3.771732047843706
9.975689949774525
-23.58023470604648
6.216977342682232
1.6659117374061785
1.6874793819346363
8.899624207865514
7.91765599772613
8.459909346369281
1.5558363909475827
3.0962767970856295
10.56803320331346
4.070152134926728
7.694297148512988
0.7243289470125116
8.658822291271392
13.001128477176009
11.240377325080717
2.609222000992459
13.554300241825919
7.59306850070848
1.6738169184186042
10.823879196313015
0.1971178461215024
7.916799082827954
7.614016207672109
8.194652447771212
3.601356444493202
10.243316464515967
5.140770256627355
0.37643792600996206
100.0
8.803834001998341
3.613283485969893
1.9904398716534393
6.326704923452833
9.28247116346716
-1.1870360830624571
5.962704719821563
9.344225507549831
6.830684420562
9.277182485564914
11.332346281722765
1.674199005485316
8.693890763823855
6.76568306612569
7.6011529409882925
4.011961343069097
12.361105379216692
1.5006844101294394
8.180388284075478
1.6038810472582197
2.7533502110222354
6.083705309860577
8.754167206666304
2.9491441070282884
6.6165864616933305
0.7204594388880649
7.4117194982819665
9.030574337858324
-15.529732443542745
6.267967806563956
9.179168960903432
-2.03143957664961
7.309881091368052
8.618174039888444
5.995328292968876
6.305578825739272
4.377896922526512
2.101502084944884
10.795031158114266
10.068431988143951
1.6016556878035373
7.499991202671593
14.81013875660242
8.314017065947285
8.6903439873083
1.9298990913785263
5.398533765147179
1.619650635884373
5.19269385130987
0.8517978913260005
8.317486294389576
10.035204370064742
3.6922847728744195
3.261330230028872
9.017697397849703
10.995300457655377
11.124762505059799
0.44834567134447595
7.273615526465753
8.08946012990991
1.2524830893043564
7.903874455895953
8.157270358350551
0.47227431694055594
1.8875282217573908
7.324957928286265
7.007016578688461
1.4274064406239086
9.467183479907655
-17.924080850489798
10.229661385209283
6.82948311504574
-5.181847995167395
7.563796703083402
10.180217227727052
4.031860150110359
9.14256888798976
1.5450038553607006
7.68776787675157
1.3092794723496641
10.112950904703832
5.00363377460372
12.125219900383005
2.593287866201223
8.633947313462079
2.762158094548859
6.656752923850938
6.49071971106552
7.785170043536917
8.778463115764511
7.184729653751829
4.064134928162481
6.819654985151786
6.165387649379613
6.5671271035194625
2.23074636589948
6.221290958192883
6.931443379826719
0.02126466397688589
4.9006123297339705
5.3074522534238735
7.052218255444561
5.614626282769457
6.945392416727742
4.710198772913406
6.57349125374874
6.648747037548253
7.149229278627693
6.4373901171904
6.378862535008828
4.9995238433920575
9.429808557203314
5.514571732676982
2.6483951370348686
7.023611766111319
1.9614351635130243
4.738224639062197
5.797818919093141
6.8933777821644435
7.365456465448809
6.162185556214495
6.736788794396664
7.899884367049361
6.722608514784981
3.967551739703115
6.598318432332524
6.421809337293823
5.9857944310492135
4.16745305518374
7.641722573598416
1.5087547416996845
11.043941953101484
9.728590247047196
6.315810573776087
1.958598851044626
12.359759727227157
5.28438945836499
5.120320464004482
5.27477811657214
12.588677934583703
-3.898639478708885
9.848463265044451
3.6125163601264774
7.419860511929468
0.980794646479718
5.363017896270615
10.018912108079103
9.963252271093175
9.230443882212283
9.328968268509778
3.501185901013285
8.404418452261773
9.875629354162951
8.159888744022352
7.006037634984064
4.472126744376182
1.7539337570104039
3.968943713258251
8.117101479262804
7.708235153445372
4.822005467626054
1.8378618379256377
5.5636181768506
7.036171098307764
2.837324489184775
7.074921266499278
10.956491741825797
7.408269852688755
2.534511806863483
7.554544560326121
8.95500440878111
7.565499817747465
6.100273111200814
3.1157210581016925
12.492839332757812
8.77596188992737
0.1375678495544715
1.404921379971713
8.108558488958321
9.553805814091376
5.777494624012202
2.0227888305186954
12.575425254515858
7.770320673111652
2.6985999965748357
11.332976375361282
6.289205184899889
7.632572044510906
10.025369040151146
10.419689189379998
11.762502079389826
7.223589691187105
4.676861316827697
7.628735806440446
1.6873147533706998
8.177239809304426
6.389863479776432
3.839135509404163
7.620865121765674
12.191940610004112
7.936387491019099
7.829813012280908
4.368168477916233
1.853855435290108
7.493263193579111
9.690346187688267
9.207960753878389
2.6591331365319855
6.233855323485297
4.564083285056524
6.442617740216242
1.9343071645318983
7.568795757275219
0.6225864199491535
7.041558311900872
8.914502996450977
11.954116391631489
8.885384568991554
7.068762860503965
3.7507799636233363
6.4656251407492356
5.289416689398488
10.39083541415194
8.135787419024998
7.361086428643569
100.0
6.300730380186573
3.399865050637158
6.655123944781931
8.912883042017901
10.641530228858507
3.4837944497431113
0.5627292440946092
10.524793020447495
9.034923778214786
5.913233171631029
6.874935596882274
8.712810573067397
6.97594383637944
8.579429272405024
12.824024308443647
6.34510028413186
7.0784722335222785
0.4467669645037454
7.503682040850268
6.9824810551740235
9.288308634707425
6.163788915025109
5.767124890573585
12.807650412800939
6.594064449351212
7.295267403023032
7.517624525918337
8.526328928424602
7.914032005255525
4.542269642173511
6.013543232293758
10.593613393415055
7.6728533043057485
5.51309373679315
11.221591131961993
7.5375274007102435
7.000282671700002
9.733598568258163
10.163547207933066
0.6393906580032069
7.1672546983237355
8.412645219966803
11.072641748427865
7.349811028706627
7.591843736594964
5.336269859620015
3.932921870638334
-49.16901704285484
6.376222027907982
10.210462099937038
6.898636571302679
0.36736294226229865
8.587268494632934
9.274895237547078
7.370904589957956
9.68905085123129
7.429150445737658
6.126943626441145
1.372567460478009
7.1855031816417405
1.5110847510301153
9.692955009313676
4.995382027685706
6.897278435772374
7.481167427953037
1.6354088950081302
3.410199226851348
-6.700023220314568
6.879248128060874
11.943034912790756
5.881065318266894
1.3023027281751334
7.465620225181471
0.2175369220319096
5.17442515526927
3.352877632369859
0.9799134432702999
0.15478314774088803
6.197560527197071
10.874892148134036
3.766785665659097
7.214597722920631
6.706798357728133
7.357637447257091
10.73233352925253
3.065301790263434
6.143585463038332
7.5593793842691275
7.531479875398529
-150.0
9.508292201133028
9.561528465890104
6.64444944581794
7.2536354436137955
7.537069080941698
7.364374315124785
6.970313970249117
6.54141992300809
100.0
8.536702369448186
9.887491154690087
1.1847270481732828
8.979519446682962
2.034585644564669
6.560424117965404
0.8595958958804143
9.05167798445477
0.97724505860552
8.390371546394007
3.480367971331778
8.28785849355668
1.506182727014921
12.424912393376424
10.541646160757717
3.3516532529409644
6.194167831716493
10.800118436905244
5.6290332517866135
7.242049478750357
4.827654752409308
4.236871187914139
8.994226846150791
2.7730558545146824
7.294427067048189
6.252713603987698
1.4602275336523973
5.772811342070301
8.332528703030276
8.180515623327745
0.5956291323311985
6.846908569504638
-5.220963090836558
8.817213717402652
6.07388708901767
5.842301020397078
9.694940428431902
7.337514544744253
5.480797205591543
10.083644360680605
7.560438484270738
8.298267385646058
10.036881550656991
2.717398025730013
7.253379843945264
6.259403812479521
7.712426056927165
8.559105354660774
1.266900035410777
8.231332939090002
5.419066724904844
8.9741265758901
0.7366633414769894
8.299448303701038
4.108833375656788
7.407233408774871
9.28075054743131
1.2453039105862773
7.112923847386641
7.4242078424417075
0.058485506702992504
12.487536990455004
8.018695765842898
8.48554623673937
3.217354889833925
8.56045306151799
0.3924866130735832
7.714388875020265
6.648709095068964
7.213657155960972
5.686282382917438
8.373365079959678
4.977392911819491
8.222578131145815
2.3670795092615227
9.945456047014167
11.286505917571267
3.4144507147347913
7.925890077061091
1.8339001828948418
8.504991634596934
0.8677953794565916
4.134054835004172
7.524933043093103
4.240139053282461
1.555649585298927
2.57571498831185
14.873651126642732
8.052780285671858
3.5422257110999666
6.106065844469606
1.4547225329208273
8.583896673891392
7.499398595368344
8.989982179242485
3.106704408748048
7.601792760480739
5.40304853639159
11.568776854067536
7.587530780373933
6.429217196140197
-4.480697921986345
7.590016411798627
6.381096981279004
1.283553460369113
9.857181138737525
8.466037446859676
1.211654498715675
9.889674930606244
6.723577807845128
6.819292479675676
8.573370309759417
8.125680628481824
1.8006128567919735
7.210592446879575
1.428696054277765
12.807528386378378
7.020768965897621
1.3476736666232318
7.8303467689336985
11.89167337486169
6.005148853763751
4.215823682781944
4.036173414170899
7.121928111043501
10.15563268164731
-7.270662787811768
6.315491224353073
5.69517158677679
-0.6823850222544331
4.6917506119571355
6.670699402662808
6.640799227495788
7.617211557105515
10.712068726532275
9.920734714182124
2.343085038998781
8.034867410441928
8.133089094586493
0.45708630378340287
9.179567278545864
1.3126689857165932
7.867284634091746
8.572622243352345
3.5673314292125125
11.61685716385685
5.2726052936777785
1.9739226193043384
5.259363608068936
3.844495783530723
4.783556463731379
7.464753461550907
7.908945510016892
10.646312182330464
-4.176602002094323
8.161819928697577
8.518138803206622
-3.2700193980505214
8.201930772825433
11.120064010569886
8.284173069121714
5.871686081123103
7.719210216242039
7.528116801394709
5.6701940846046
2.137380209114556
6.268609679479284
23.916387310107485
7.402615778301697
1.4353094165814093
8.51914383450364
10.275519441201189
-3.8985421943968426
9.240278461044957
7.956536761856716
8.772178859902324
5.724742311502515
1.296506039822794
5.853761617644454
9.0501570793453
8.72098352408384
-18.10626475576545
8.788625156632753
5.4303413945286945
11.33539176841118
0.8369550947503104
8.264926551097636
2.653319341525643
7.278386596915252
8.518577169786933
8.428994715322593
6.334112301544135
9.676447192090334
4.076848895977175
7.181674063607563
8.114942947227364
7.638778605138
4.706027532628481
5.0147827203623745
8.77491434947962
6.0656725209978415
11.037647743359003
6.827282971899229
6.255504982683382
100.0
4.2018229811537555
1.3034333998475214
6.747033167056806
7.395715105607974
4.954944767549226
6.552534342603549
6.307493428897081
10.6423324235923
-80.79737251441071
8.818571166400472
2.5822413500439816
7.511922695651248
5.050356219079663
4.821385124550716
11.7241577561999
7.2005764933589465
10.076275173160601
7.919130759184179
12.070742817736752
5.453757961891237
10.22605292820204
5.622390944923116
7.204901003062701
1.6243540627385138
6.626822726969065
7.870152401571395
8.797025838195475
11.291645970562985
6.324739549285522
7.171892620536855
4.2343595868967085
7.448786516273011
6.520148532570739
1.4922739240947605
7.598408201314965
6.80121750398783
10.296701520540715
6.092949922966989
6.860287238890477
9.460998189996092
11.898874553030595
3.1939113148967646
6.967407786192624
1.3692496524948354
7.342325441308639
2.113487551940823
9.991756173036418
7.114248047146163
8.94253468908014
2.1462726894944595
9.31452099510196
4.040175322779932
-2.4179233572028593
7.6665243592912775
8.045753026102272
2.1208129036240115
7.64559932759165
7.021834266595977
10.203115438404181
10.454493644217667
5.630035022142068
8.189518029675028
17.06666009864403
10.629380367583563
7.0324694353198565
5.977798877985269
7.414194471776094
9.056741650193928
1.6323118460347397
6.865993351685336
1.3873395466350653
6.935529469574811
5.067971845601514
9.826379240141577
1.1417349293849217
9.2964236882414
4.379931390608833
7.931935451297884
9.337334952419171
9.665041206215731
12.829433120351736
11.668003080728628
7.204747094867571
7.81872264120711
7.367415431965374
2.618382450809475
7.4514473260476555
0.6791925176253635
7.935544623533263
1.3102583587201655
8.67810585811449
6.496478061087258
1.3329886690089716
8.075276019361114
0.9054702929797738
9.227546734394043
10.392594213826207
4.320074545666636
9.314093328364752
10.895091863696422
5.0136706304007905
4.87058091693977
5.580959068470196
5.824892107475286
8.350409501892287
7.541518407640869
7.378193353345943
7.444829504131124
8.379123713667097
7.397873869075567
1.3957919682038906
7.114081864448368
4.554042697202248
8.94725630209667
3.091511050544002
10.068141234210612
5.275273928603356
6.358492392849853
8.728300659420807
3.191490186689086
1.5888946977928953
10.925459034122095
4.040936567784884
1.2839735001564694
8.370791660011596
2.3337348672454485
8.498005537651817
7.927958753909078
10.023877865115708
-14.472487769103001
11.96849626953614
6.636794053962222
8.359021194473499
9.45198310728697
7.276990954774814
11.767406617207149
6.24255663776684
4.289797403143756
2.235923758090321
6.561301961503932
9.670739778426698
11.737793245066047
6.46282808153711
7.272375641103602
7.480310066226812
10.648197463293604
-80.38756219606873
8.609229415821092
8.971738953463076
4.848993111453747
2.311835416726164
8.519781820475188
8.851904645639522
0.003774407777662747
8.851919018776934
4.159186971593233
3.6629930107657898
12.202291285993313
0.860764542936536
10.519677128330096
5.832425452819019
7.369810199268402
6.934830653107018
9.22460206845037
0.4833086929270756
8.242775542624443
10.247667683212281
5.781892010537358
10.681251931362839
7.916931851522661
11.452244186614948
3.5985061285053956
7.971500620753702
9.312518076856199
6.304070482175016
6.881041088107355
0.2510562775526299
6.07603093214863
7.465597622861609
7.335345951387633
4.243944811412208
1.9094453000648166
2.4024496518007834
7.296003634265985
4.506225544002709
3.811751371539316
6.75541703914465
9.367945263242584
8.213638628153301
3.977142569845487
8.3258279139796
1.6928750121918645
6.956555440208555
4.879337323833896
8.293386253479579
6.5010832852715685
7.532237529209922
12.186315059137234
6.086211542981419
5.4414235463230405
3.7303342443603413
1.818896693361992
8.176869467412702
7.956136525565456
7.881892448037616
5.115234966879149
6.216928467501186
1.5059605923707542
7.863634891134132
6.257402002475073
10.444822360540885
0.1804099314763911
9.119526431837977
6.050028793410794
7.869435393655076
5.6673382031663255
5.735514274649258
-3.180841063870493
8.344360868821207
-45.70297809003465
7.884532306901556
8.619936244432946
13.779013358293062
7.653545353293652
0.8484769090741542
2.286773794535143
9.032073844130979
13.105121384658707
8.247847152859354
8.423630688210178
1.9936803120047162
8.16118231830471
2.0395388232750395
10.898112025536356
11.304160359473396
6.1298659648376885
9.269347777688939
6.851272253707957
9.65696436831428
10.117656820816482
4.957965081223577
6.712475339177906
3.220802454222461
11.975848186462832
1.6269288541248499
7.439040188508434
8.29824562039185
5.4644726579194165
7.983380307884948
7.717325642870566
1.744029792711061
11.18609215625584
5.306940719738142
6.014383239659604
7.627650072020878
7.773778720756541
8.857067564865634
0.5814107101053682
8.020335588817783
6.555026860591662
3.8753569280860787
7.523398389246898
7.039352560687399
7.75060873748975
1.961096055979578
10.371542124454876
1.8580702733522607
8.504961494486416
7.618379969938406
3.7238118345224374
11.275109086737526
7.5808199851000415
4.388552596022353
-1.144151908938686
10.887465461048906
9.664568448986925
1.8646143191854927
9.718328578967599
6.059352252281635
9.865160846898165
10.075249552611579
2.964535410999326
6.05229954016945
-58.33150762993166
8.365297810434903
1.0389593320760548
11.859905522004494
6.163215883318901
7.658933120351651
1.8368857381527979
6.81165491533687
7.022685863454582
4.922452273476863
2.6734341229275276
2.559398766371277
8.953948156638532
-0.1218207180999525
8.27750202246548
0.0574759669552589
10.553125607070182
7.479933752932016
8.743095023087328
6.864402584342688
6.903320787169784
10.415696631625485
7.965073954482101
6.486409240215906
-4.576210743757478
7.861896535059554
9.086830194408023
4.7244920886532284
1.609080493775895
8.131364394949522
9.928498561359683
10.650494050747643
7.950242520462451
4.233469652493754
1.378450697008055
8.488165712888636
6.520125319902437
9.178242238986476
7.89179437152716
6.231770877330143
9.485068971155437
1.853277361145351
8.782212603007142
4.743169365782527
8.1756854886261
7.795368292123579
8.332580752898634
1.12509018020711
6.796662058595125
7.114713682138986
0.40185842890676854
7.363122525387818
6.2665816001121195
6.6712196575003775
2.523569102293899
7.466561316784022
8.350783820468378
3.779740218221613
7.568206632145536
6.272932304230639
1.4014900320537071
6.609564595046063
7.192770979693599
7.591342023927891
4.457475801968724
-5.212104828295569
12.173122662585266
10.028442500015425
5.140315900398714
8.222270456044956
1.5155878413384465
8.483665096725318
2.2783875614674107
7.484127182094245
4.246582314135357
4.463357427168993
10.497263351252656
-150.0
8.475624049354783
6.289678714118369
5.4242834898268955
0.42045990632524666
8.097373168350003
1.4812260675851314
8.886272296827014
6.591236181873498
6.023957901722272
10.73218710932287
9.268841204033604
6.684574650523499
8.467594304801427
1.1493647574925125
10.167740106518016
3.575301176402098
5.620230523696837
8.444738156244867
3.855706170806551
10.62215112569386
7.905399093748426
8.605884373449586
9.624823352810699
1.3796669509490866
7.710333462411212
8.73467335054523
11.562565589631653
4.2596119300594815
8.714938912631595
3.1597135347576994
6.5304812561963255
6.6521250832691985
7.34799235259838
1.4852283707330587
8.374358136654896
8.255389170445756
0.4736647368014066
5.911522441759422
10.80915891168159
5.8067328375502365
10.861641445280158
0.9756693301828258
8.661663532294108
7.909779963893944
1.7764773516235903
13.30808289788197
8.148852439405744
24.20555881782213
1.2016478795283876
9.549206480191087
1.6675001274874088
7.445489121580682
5.44743720124979
9.345986215421803
7.755039808850755
0.46014781876968464
8.5126796827741
11.288447951097561
5.598013139043553
3.7646804404914582
7.066013824349377
6.950424104278554
8.958211570569699
7.756237900950688
6.957988218580129
8.096720965593404
-11.238233820563378
7.536545122820776
7.671976329223292
1.6179062949586007
8.113421167300343
0.2467061484413007
7.553744411339491
6.430830263490458
3.8118766778329554
9.11917016074428
7.162857301816382
4.603010878102123
8.730737037596315
-7.75791629259904
6.2193896035047525
5.042763691536211
3.2921248952836555
4.17765044114857
9.077602769480334
0.4353175849259254
8.192200188986096
4.752499561011017
6.814528412519517
7.6734664424125105
5.303138978188591
8.318831449280843
0.8935489710849766
5.226880763204344
3.530750081773135
10.55355286335294
8.919590739141986
8.99115568225275
6.793741762975697
7.929889144065187
8.37900373525743
4.952254274837299
5.953243554754104
8.369811119966778
3.3595180189985516
8.636042431106548
8.853025172347708
2.493759871374702
11.652971964986326
8.624014225594992
10.278421983233997
1.6493702189782158
9.301406394044507
5.523072758100578
9.28194447193891
1.3705640271830573
10.255422533225818
-8.883887692865999
7.990857719962047
8.092004278879182
3.7816758083124555
11.3323800446398
11.819482110262893
4.186487457814335
4.385432784145666
10.334151550090178
-5.0608420006603145
10.383261085760035
10.480036163166162
10.110160368935016
4.317915669481319
-80.13853935148784
8.17514655097541
9.165454786031738
3.827711245456212
9.6216615792096
4.167581737267238
8.852089469422108
7.188007970163097
5.644933727590609
2.1322425837078525
9.483168678913703
5.914690115119361
5.711342027532348
8.197514360823073
-0.018845169142865013
7.27390058714185
6.330846408715075
10.988393963314072
5.51976165594594
5.776250682621201
7.196755048185393
6.447276565105982
7.056877666926449
1.9528253952424153
7.738100844734492
5.0162996388725265
7.610184666284095
8.557471105852677
9.344366593415778
1.0392792394283428
7.897920474477878
7.558870343400586
7.842435074440955
5.439563657994329
28.476161029342926
8.646742836263776
4.651234633063667
8.312580155362232
1.028711412273491
8.615495823903354
0.7150525477299002
6.207928482149852
7.945836515218625
6.866193393870973
1.2859300517815169
8.043869796336521
4.019014308985864
5.945809507581477
9.655617593427776
8.155859812094588
10.063322472892812
4.176004684816166
9.958400334076273
5.834423704875349
4.945608610333374
11.682495825341798
5.086601289457565
10.684862998192637
0.393952246619887
7.198718403538634
2.3465599315285037
7.111181398649618
10.085724394920348
4.797805685616346
5.839562029383513
5.864718742842294
10.192074240278716
-10.859262807588165
6.955822482216061
9.423484259107632
0.4456691014515995
4.98113047781753
8.372282685961101
6.07840195567111
5.389627626039261
5.70533497658624
4.352325081195054
3.4210186712983917
1.6660560369873998
8.920697619106939
6.109663540533642
7.813760925983703
2.4229680918665086
-2.2985866985969055
6.2345221915189
11.306254679695096
6.981260388140468
-41.74936204456077
9.979362705205666
8.177479961260248
4.847718243753139
9.62952719673785
5.0654548808991775
8.127402800170223
2.7937957584841744
-150.0
9.098712166255712
3.6828556756251647
10.402466972429151
7.764153820030407
-1.7722340284715736
8.531663137703054
-3.8976306673352505
6.698863012717621
6.41326735431968
3.1903866806829266
8.997485164878793
8.108647792944996
8.279536015000998
1.131878948077452
8.711605861053664
10.352064110569408
5.035177388851633
6.046379745870341
9.471996379847912
8.037434145180315
7.737475704308388
6.357682032352907
-23.824285554406057
9.80416782942471
2.1027924433948644
2.8990481879154033
7.384396269268946
7.9188933748680945
8.29091222416299
8.046726398183353
6.985880235210457
6.088897555626574
12.568697872725833
7.365448271680828
7.210438098101172
5.898213542986838
5.541971214258444
8.063869572792633
8.537811467599827
10.31693903812081
8.807616477863313
-1.2007600438129278
7.633347173202723
1.2449480368836165
9.303944473267105
4.120554141950508
11.585731254602644
0.23218428832339577
6.927048151551964
10.293972489042071
6.2218753004288105
12.285775414121993
7.821345781268209
2.6516701293688967
9.855213077898746
-32.860070886148414
11.263967406026351
9.541587933206252
3.773212229002232
12.165573547597624
8.15274821926313
7.725708383361575
7.955697206196712
1.6748355956029977
6.654265555974133
8.079823807501654
3.582698071690277
11.561711156253303
6.546939099230857
7.000092861577174
5.335536270233566
6.867038692266352
11.070451470755051
5.761408158631886
10.504736630402281
7.833297905725455
13.240463034019479
12.097278498993726
1.6705925082317403
8.177259884562755
12.2823986686626
1.6393658205963242
7.921559383758617
0.5089901581655539
6.731992213318921
8.292415455688262
8.128491851671855
7.858640697757281
3.054931826851028
7.959757178590009
7.6063288197549666
6.751504000373009
8.362225080533824
6.861966367808921
16.069507565434748
7.351116066062775
10.381114049657077
6.650529516607083
2.7951069036743412
6.54986277121214
7.828415470519276
6.5183788006507495
0.8223662306962158
7.639001167117791
9.704824057532655
2.714817080061299
5.445795177092243
5.663985190228962
7.050491935460683
6.122312895688763
6.436342179728733
11.493368011266586
9.005968254737367
6.523653569696034
6.8171306369748494
5.349983197590055
8.570227393970853
1.525824555810343
7.922083382611632
8.621103372286477
10.911802961919076
-0.030196642637372664
7.709621624389076
2.2485481043168765
9.40110114488742
2.5716542288655626
13.161020463025284
9.65976838610418
4.039499860669945
6.010439644220709
8.389898718581744
10.705964861283645
-10.821692128961937
12.981015394640883
8.390561588893402
5.788133976929267
8.483364403623035
1.7085141549361784
10.861442061493285
7.273450017496507
4.766603772196758
5.8514811653906325
7.517105168644929
8.40633279372745
6.931990082166655
11.45845206050175
7.140630976279103
0.39053148499455625
8.819266629083112
5.7775447905477275
3.8339201320208987
8.141012972122711
6.599611454234507
8.235584313321748
13.518102383208145
6.671537041148119
4.159042088739977
8.828596592199004
4.313708310276734
10.457785529927609
0.5358558056664656
10.686845077568425
6.711891929951846
22.008034381359767
10.292413378861717
2.510016525491
8.504214493428066
8.349950737586743
1.2597368784723113
8.158028741835889
8.297693355881268
2.0808966173110592
8.594045749204158
9.476263789319725
2.4568333797391038
8.06877416988603
11.319897244493951
9.427413532764561
9.652773997998278
8.620005051913301
7.993819862040134
11.71277123049455
5.871173545195358
13.664637004700143
7.782828722498289
3.2845801594750013
-12.718944086302884
12.425564912759674
7.5100490387537215
-6.568496691464363
13.898597001812202
2.0472400430703668
4.534371444846237
-3.23655979778932
7.694340115716217
5.419478474656028
4.025898719000764
12.171721081117463
6.85843189772906
4.720728554809692
6.894503460442416
8.428777676087835
3.8683199531443235
9.573013128346428
0.94276035735934
8.175704349891667
1.1722408530958663
8.842420134195963
2.0552264319704476
10.175185609419717
4.744829772860509
0.4200251420612269
8.915345371135603
-8.576365512765722
7.665940198545817
9.825319399004206
7.8567082990343335
3.61441541554862
6.7199576425795495
9.579780642505726
2.0442423394971327
9.997598596069707
7.472520364869014
8.38114005657601
6.349607230213655
7.21275538633731
8.656281317825622
3.0467232046371926
2.3483675639575883
11.055829566496763
7.218792088101184
6.487599057097196
5.543022261696726
0.7805446107157724
9.150933480761605
2.2474138760040314
11.508486436008594
1.6082512548456112
6.699805718308594
7.916211665844386
11.727223276782107
1.40841817454856
6.181016051764329
4.274785011047395
9.74613722796686
7.578931489699202
7.157235749720383
6.357083950415128
9.112666053322268
4.378287681032722
9.621588886158662
7.652047522208959
5.007877324324228
8.744933425489224
9.056092465788053
0.9212991456548205
7.866234149759698
6.732855588590303
2.967093910104232
8.746773582319742
8.521307545933967
10.034914508464091
3.6333938274384137
6.3203451622172775
7.3950983296142185
10.576006936891588
1.2085268697510905
9.040387680586054
2.9802217976548735
9.915573902897869
3.862123515128405
6.398314957447435
11.759407382039921
6.5197495930447165
0.6901870529774838
5.751580889807328
8.535129498711655
6.59734431998293
8.659358252977245
6.875849390836032
8.44320564250538
7.668105425442039
1.9563873739063855
8.543176031902538
9.061253171016393
5.1597512869097
4.611285377732337
1.028847764085086
8.275550306754191
7.657400770251143
11.851055327743955
8.380022996670665
6.950826785378088
10.150726769520325
-4.824457935941252
9.963851138919855
8.370953922935717
4.223371190899305
12.712280989404086
9.095759167788808
5.714167083455236
7.18816664010631
7.720939079240513
5.070511599939288
-3.363692099849676
6.354665156499274
5.826693556033063
5.570628788354725
8.991870559281242
0.8130825596693559
6.542622811699796
8.267172285735066
5.873188598797626
12.006449720389528
4.301091739199567
7.666119830345093
7.87884599952766
2.4339480452495046
7.625352615539777
12.176289657455461
6.881825182103421
9.66806037756091
2.1040185360080392
7.826597713287476
9.148187887374284
-13.162567357827772
11.108174299969724
7.333991775954808
6.747098218226177
8.71534393665105
7.935436499218407
6.306251453183476
5.376123669485215
4.626759553493691
8.10626901262319
10.088629549675435
10.469498346095657
3.347879375290965
9.734188963023291
-1.7291308337795548
8.476167872952088
6.966632824751247
2.62724713521483
9.677047123053153
3.3792557998052843
9.71537105772933
5.1057220660579015
-8.58775836179834
9.315869311592548
7.110720082987458
9.288022370401148
5.3132993054934445
-1.8613039683185746
4.646314187589002
4.75678374431825
-0.7938154833056887
5.530541730542638
0.31340083924565737
8.571191121540307
1.4262455723899123
8.776259063139234
10.470785008137646
6.337145113328352
8.810533323330596
7.95772959289289
6.73582850792014
11.90995774496907
3.789702644132686
0.9848888608408838
9.593024189991466
6.83893210952056
11.491742033428038
7.573302881409807
3.7501879469330652
10.036569656098571
8.766083547249206
10.78595826872508
0.16842651731818617
7.574511402183707
7.783365990499649
10.158913611998882
3.2348601912902817
-4.359201070001354
9.672533879128306
-8.466475245649084
8.907084462885743
0.8412243418481508
10.347177786813898
9.87523251834668
100.0
1.2124122628434884
11.204985708772828
4.323771268068363
5.874397657083058
6.976726597202142
8.00122022323748
8.893530450871234
3.329288801885486
8.424653349754387
7.9754944498771225
10.951739288564326
10.27226380250967
7.915315472068543
9.971975739841861
6.824458006823988
3.172495053924095
100.0
8.5971988402719
5.0035261752775995
4.471675171530211
100.0
10.423294789839035
6.343868946634663
7.329185482794864
7.539119581907252
9.67086507247433
8.985557723827009
6.621138640038707
7.238840493706323
1.566336892556315
8.787711319648556
1.0702497702738127
6.112286717977027
7.189369125973868
8.161798469505122
5.651811389513407
7.5192639144186595
6.74880871367709
6.043651327638166
2.3425767800134127
6.026078066027973
8.41256249568777
9.754786755684128
5.2108374712905325
7.588481025894757
6.86211427366883
10.834990135734321
8.79223711971663
6.024709203412942
-1.164459207398535
12.74906123677957
4.169600839237142
-13.821027056864482
8.14992108630974
3.2908418134785418
8.97557175947601
-41.50574363935363
10.02062778955724
7.627780605751509
5.2007768079586
7.426849665018156
8.179148335503022
-5.993217823963774
10.20160885595059
4.897693589270935
11.298082012077286
7.100647232712372
7.029961499494265
9.66032743520332
11.057228240329112
8.55303949077938
8.549193140625507
2.86467681590822
1.6602835927441584
10.369023990081438
-150.0
7.729638673912227
6.197141606460824
2.269235095560288
4.111774556171002
9.352997914229348
2.167999453452629
7.842319789127226
5.561301040754884
0.6245638283524815
11.132737254406397
8.205641538507429
7.327464509376062
1.2809738767753478
7.609060352817264
8.17456455070285
10.51044608647949
8.31267312204847
10.735865864239456
10.155713106740746
0.6504712588976045
10.649552775012243
9.16525306159757
8.899042711557394
7.964917267276713
-17.313589243184172
9.842788971367126
4.305753482596525
7.468441822643331
6.235962255284523
5.654022284405731
8.045309804438437
9.2708609289074
-7.295157997638632
3.8299604687991353
9.236383930976112
6.325358214202703
6.241512104958824
6.60764674313797
2.9853377328922606
9.212905894244063
3.496399064381852
8.048395444720502
-46.6012620784741
6.855512560767434
9.36909996875951
-36.322918233207986
8.912747419454256
10.195885502537976
11.620311444259103
26.09969630880581
8.308510409777039
-10.223058328468895
8.204896989785764
7.6242157912564466
5.3298439808886435
14.212269945042502
5.092562314028026
7.139246974838804
9.195553953176633
6.532583857441921
8.127890320077483
5.871429150853676
10.6544430953755
3.019879137984699
7.109834309116681
5.637695591640938
3.5941213400192655
6.288273099444479
4.225809429407231
6.614088791922548
5.7886657241026445
0.7240572016296664
6.386580891057858
4.286256422337542
7.183100465709228
3.4764114715610885
6.8727494147430415
6.093074161731723
7.046617125067085
5.555725369480502
3.3818833464720126
7.063208628561731
6.276000721310802
5.996073081560272
5.357852088504926
12.262519678745528
8.307885229765036
0.5153433834557088
9.517737225250825
-6.493923451353122
7.508664550599922
6.769051801434208
10.74089984226241
6.706686492584
4.692345573562135
8.177199784385289
10.635354818891406
3.7130866980473454
9.398579800626687
4.76257559036764
-11.238370097799832
6.521914891517478
10.74882550410571
0.5162297815058898
8.959274815198883
7.812242201585981
7.03459754460848
11.52934646352305
7.574398480340016
9.211628686890162
7.839999655952374
3.3026267966383265
7.598538941418803
9.128331069223147
4.595963755867131
4.385819672893537
1.407816610884359
9.23277100879179
6.903471894716579
5.628376589139502
7.240820260176607
6.121203784576886
5.61255885207618
2.143349421358855
6.464601938091348
2.6144354907153597
7.540168812896834
12.198579447662516
5.648767000497886
5.311674805823233
5.747873433612202
4.286110850460145
4.244325818901677
6.001044873928424
9.442501648235126
9.602492657509371
8.085330937402007
5.074989599990948
4.577011610769241
7.606572598162875
0.14931645385554815
8.814991497154082
-0.7646424887638787
6.137922365810779
4.656009416122171
1.6894669666674142
6.128936285671707
8.193038664608315
7.21082591018444
8.600702513123771
-1.8444430102598417
10.89252506431774
5.65746681926598
4.718891333027399
10.277676920324145
4.510783946163291
2.77330168398491
4.721204570831102
7.281233489146242
10.382051461868306
11.77678471558564
2.4265455332057404
8.80578691975983
3.3976779286166168
10.741284699710084
7.571591447489438
9.985950143707523
8.984422247783295
8.198960218444313
7.71851019020831
9.436546572425616
5.397527778353912
7.909216895495799
7.257148986497003
4.583676659042382
4.67288839459862
6.954614077543197
11.430280348301853
5.9594450585805
8.105563356950595
